date,is_post_acquisition,total_revenue,total_customers,market_share,brand_awareness,customer_satisfaction,acquisition_impact_score
2023-01-01,False,116611.24830743964,206.0,0.16806297545245197,0.49392063981758905,0.908046283067119,1.0
2023-01-02,False,143845.96930923677,495.0,0.2881757452739817,0.3783472478833669,0.8588100967333403,1.0
2023-01-03,False,64354.64546157011,542.0,0.15326201730816472,0.4630110175778092,0.8472307624640792,1.0
2023-01-04,False,98317.44391077285,630.0,0.16245856796550595,0.5034353204455053,0.8945693316238624,1.0
2023-01-05,False,52385.55464375623,471.0,0.27970487907833763,0.45585893394620725,0.8854777984262784,1.0
2023-01-06,False,98930.7259658091,572.0,0.2314163930787136,0.47831166084445675,0.8099708388808715,1.0
2023-01-07,False,77172.32819710713,769.0,0.280044227281001,0.31197963429629205,0.7785559371932216,1.0
2023-01-08,False,147956.0074481743,457.0,0.20889343790327497,0.3554177804930741,0.873753484862484,1.0
2023-01-09,False,89512.9447439354,572.0,0.24201976748296067,0.2558577559782354,0.9320557219958889,1.0
2023-01-10,False,85925.92593513452,427.0,0.20835663668932414,0.31379309031692376,0.7704391038262842,1.0
2023-01-11,False,81133.59803896143,540.0,0.21465286290745414,0.3891023619335586,0.9069306268954003,1.0
2023-01-12,False,89418.77917305632,422.0,0.198466485499148,0.5336948069960048,0.8806844930063605,1.0
2023-01-13,False,104278.071853431,261.0,0.34719074856551885,0.41025592067504846,0.9495326640960545,1.0
2023-01-14,False,104378.20974636154,698.0,0.30143453432467693,0.2572291846981191,0.7787434418273069,1.0
2023-01-15,False,76155.62624581327,357.0,0.22668771119698344,0.40512670530300776,0.785276176102816,1.0
2023-01-16,False,145361.93847804063,705.0,0.3088451835770845,0.3100881539099502,0.9249873769955808,1.0
2023-01-17,False,149005.46220545415,453.0,0.2886111086170294,0.3481354065287557,0.702776543074753,1.0
2023-01-18,False,129717.64498471914,665.0,0.21941556178672394,0.5194959178755971,0.8293477455282523,1.0
2023-01-19,False,63961.18968718621,600.0,0.283094546764127,0.3162476196607555,0.8723184761374476,1.0
2023-01-20,False,118320.06702086993,653.0,0.30347922948438216,0.3478227215207693,0.941082449262007,1.0
2023-01-21,False,64377.11758222457,618.0,0.33151687023819487,0.36350449868882434,0.731000349976292,1.0
2023-01-22,False,50735.040249844424,373.0,0.19508133853866816,0.250014246805828,0.701291350177386,1.0
2023-01-23,False,84885.91320440438,535.0,0.28184921402560925,0.294915199321407,0.8405051252066215,1.0
2023-01-24,False,121268.00143133513,742.0,0.17369444680625548,0.4202517048591259,0.7729400133732545,1.0
2023-01-25,False,142601.1556995254,734.0,0.2216402312849014,0.35864006263922715,0.9434402999513556,1.0
2023-01-26,False,112930.83506061125,650.0,0.33354347765956444,0.4649020390020788,0.7738839532425965,1.0
2023-01-27,False,139406.26010342716,325.0,0.24068185566878889,0.4098287670076091,0.8624968400437267,1.0
2023-01-28,False,131711.7052364092,387.0,0.31388260414139957,0.5400014467404605,0.7410147016099361,1.0
2023-01-29,False,78466.62382796047,328.0,0.18912182819688425,0.3774194698835154,0.7983820478523842,1.0
2023-01-30,False,80536.8611205925,252.0,0.24552547531548674,0.40556296395883157,0.7386945808391009,1.0
2023-01-31,False,105533.32582475196,635.0,0.1696385286182926,0.4612028100825114,0.7593050040589158,1.0
2023-02-01,False,110155.58693315335,673.0,0.30693593767274474,0.34397355790794854,0.7305205532000547,1.0
2023-02-02,False,121287.44601210352,585.0,0.18148650042021774,0.2567493207029587,0.7272712976698564,1.0
2023-02-03,False,98147.12612368865,233.0,0.1761333032468293,0.42140421397244465,0.8289374152102165,1.0
2023-02-04,False,98648.36952904708,250.0,0.2954770145965563,0.38006897302096665,0.899917876854864,1.0
2023-02-05,False,94246.92613446352,290.0,0.25046380266195417,0.3203973263441828,0.774810095976945,1.0
2023-02-06,False,86861.02585551057,700.0,0.2162992481752531,0.3245630388779571,0.9077300292936124,1.0
2023-02-07,False,110506.06261995116,753.0,0.3188249459050494,0.2680564778134719,0.7930972996961662,1.0
2023-02-08,False,117444.17770875388,582.0,0.3455189100858958,0.4903185559288098,0.8525011078176474,1.0
2023-02-09,False,57673.04251622847,280.0,0.29878562732163744,0.45879659457014177,0.9166284161951962,1.0
2023-02-10,False,117106.178590987,402.0,0.33941952247972607,0.4420507870197543,0.9097634527230691,1.0
2023-02-11,False,55688.821427676514,361.0,0.3403611748619264,0.31982155107463267,0.7990830678813535,1.0
2023-02-12,False,65616.87384405079,445.0,0.21846861814904736,0.39659626501823697,0.8150463318242932,1.0
2023-02-13,False,116726.33285556073,558.0,0.23377717441930074,0.46891336388165195,0.7837881354978291,1.0
2023-02-14,False,143861.39365283263,733.0,0.18477500550779516,0.31236817876819156,0.8733384600545944,1.0
2023-02-15,False,120944.26317280467,447.0,0.21347391860593523,0.4627257370730069,0.94716886376427,1.0
2023-02-16,False,139970.09252160613,746.0,0.24015892386919907,0.309792145023328,0.7267050029996054,1.0
2023-02-17,False,50680.50082375284,467.0,0.16883362584295322,0.37384007815846604,0.8140434938209518,1.0
2023-02-18,False,104996.79996111892,749.0,0.23971427701304984,0.2902534180852785,0.7344511773063305,1.0
2023-02-19,False,85608.19597200425,570.0,0.29986627916634245,0.330849520333687,0.8675023823906954,1.0
2023-02-20,False,144670.17083121045,384.0,0.3336278142181256,0.505120472398985,0.7705322237891546,1.0
2023-02-21,False,92569.5838843688,638.0,0.2957600512288936,0.2600030657093633,0.7500036632195886,1.0
2023-02-22,False,74388.84305297045,406.0,0.20418093765726525,0.347460551297191,0.8079425530612894,1.0
2023-02-23,False,65189.602973836234,371.0,0.2797750416530884,0.2590741662265077,0.7688258571835145,1.0
2023-02-24,False,117413.91050923952,383.0,0.1523340627720247,0.44736351209535824,0.7718286945958839,1.0
2023-02-25,False,101210.67953357652,449.0,0.21122792650708067,0.2671763287505504,0.7982715993098317,1.0
2023-02-26,False,81037.08244558897,596.0,0.23072224934525867,0.4854601879225394,0.754741658451631,1.0
2023-02-27,False,135356.0485221266,292.0,0.34302767055961453,0.4400862078796126,0.935556696970966,1.0
2023-02-28,False,77645.99991286636,314.0,0.1722434789721445,0.3721053986287526,0.9357554053154871,1.0
2023-03-01,False,74661.7756879655,684.0,0.2422767089764756,0.4616882733582159,0.7386311815442314,1.0
2023-03-02,False,147653.59639782857,730.0,0.3117620097122371,0.3849702199991647,0.7739820601219477,1.0
2023-03-03,False,134472.08580979763,672.0,0.23447068529887083,0.47652679503889184,0.853145380562074,1.0
2023-03-04,False,129700.18527344435,596.0,0.18821298743159676,0.44176427226487747,0.7062130232457519,1.0
2023-03-05,False,80826.74740442663,384.0,0.20267138315471064,0.4645145991081724,0.9344215396567,1.0
2023-03-06,False,51316.91971996508,734.0,0.21983150864412948,0.4075519591254672,0.9208200339408529,1.0
2023-03-07,False,82332.21636122481,262.0,0.2367104118534505,0.26185517990479623,0.9246206326703788,1.0
2023-03-08,False,54936.42595956625,476.0,0.30052390066236667,0.44225624655729795,0.8287772286373335,1.0
2023-03-09,False,76296.76205712839,288.0,0.3166176377305219,0.44871365784636486,0.9008736519110186,1.0
2023-03-10,False,108503.5585376277,546.0,0.2922007656242023,0.310098666311942,0.8957198601447718,1.0
2023-03-11,False,67088.4391522067,487.0,0.19111595490662514,0.4252399939302006,0.8284368967280018,1.0
2023-03-12,False,79089.44296478521,284.0,0.336880806027235,0.2779280976888417,0.7498454733901198,1.0
2023-03-13,False,139410.61162998527,321.0,0.32684141097185837,0.4027154134796225,0.9350932999519086,1.0
2023-03-14,False,96189.90756897262,686.0,0.30648731471262214,0.25602675499578265,0.713630446684134,1.0
2023-03-15,False,107565.52780386708,596.0,0.1551889502190981,0.25876667382554636,0.8391796069035384,1.0
2023-03-16,False,63516.41532893617,428.0,0.2983933926969172,0.4443985916199119,0.9110307218843922,1.0
2023-03-17,False,60406.18924486052,779.0,0.1960658689430419,0.4018484966012694,0.9479296766137513,1.0
2023-03-18,False,145929.08263571805,411.0,0.16880868909015792,0.2622053852803193,0.8811233727975332,1.0
2023-03-19,False,128157.17558400135,580.0,0.27120714093172615,0.30327215686939224,0.8103872311148805,1.0
2023-03-20,False,89990.96018831692,646.0,0.23179514872919413,0.5136235326851972,0.7282260591522137,1.0
2023-03-21,False,86361.32033708482,426.0,0.20764581135029783,0.4896472797513223,0.8356108580657425,1.0
2023-03-22,False,102076.7533802933,718.0,0.3483659710380411,0.3706856175934182,0.8913088338076995,1.0
2023-03-23,False,80130.70900386269,724.0,0.16091850029357654,0.32442407521988725,0.8793054816410331,1.0
2023-03-24,False,104045.18157729512,477.0,0.31445962713186854,0.418745505443594,0.7616211368954536,1.0
2023-03-25,False,126433.53839638871,279.0,0.2165504904027586,0.45057977398916216,0.87623738586326,1.0
2023-03-26,False,85608.04537413374,256.0,0.2662886140102986,0.39925124559705477,0.811001358760993,1.0
2023-03-27,False,108200.42864960124,330.0,0.24231159583003758,0.5147836077528766,0.8110061327193884,1.0
2023-03-28,False,106345.59461853639,216.0,0.2763262202809214,0.3244503231821453,0.7668583560238778,1.0
2023-03-29,False,75603.98524795094,489.0,0.32129348674410646,0.444343951452329,0.8892822484939404,1.0
2023-03-30,False,108217.31809628104,480.0,0.30356101347421327,0.29842556795155484,0.7593431058660349,1.0
2023-03-31,False,72519.01516128007,329.0,0.33135969785348396,0.4635931357701089,0.8643765703672144,1.0
2023-04-01,False,124684.1865279346,639.0,0.30989240029787135,0.5311728951764444,0.7182499579095879,1.0
2023-04-02,False,60421.7278336311,628.0,0.24544817566613075,0.4023445856586747,0.936376629401669,1.0
2023-04-03,False,64446.90043527243,373.0,0.1631482780152351,0.3526027497949563,0.8616075409070656,1.0
2023-04-04,False,80548.59063403774,513.0,0.3098314369540016,0.28351337297625423,0.8850475352533416,1.0
2023-04-05,False,63212.21491221761,390.0,0.31373447073845573,0.38404829822418235,0.8222127741711215,1.0
2023-04-06,False,123960.67737488644,331.0,0.34127906817656317,0.2937859915024469,0.8339271655364835,1.0
2023-04-07,False,55310.37817691884,440.0,0.2610779743075301,0.5195365767055133,0.729212550884655,1.0
2023-04-08,False,57763.8303560285,245.0,0.19002713678086647,0.4569994205215509,0.8989691317281663,1.0
2023-04-09,False,146530.9539371819,519.0,0.2664358913520371,0.4214611325398571,0.8518660149602586,1.0
2023-04-10,False,109046.98691486384,287.0,0.23227449415264245,0.3113161446490001,0.8373347640518033,1.0
2023-04-11,False,80454.90873239242,496.0,0.21905533137081112,0.5010885643897462,0.8167862510383476,1.0
2023-04-12,False,93863.72871750873,553.0,0.22761493222097764,0.26990082019774464,0.724616840071689,1.0
2023-04-13,False,113421.50599754968,376.0,0.21567594755471664,0.44854177610469487,0.8976069128268211,1.0
2023-04-14,False,56582.80005455734,736.0,0.16790419660571232,0.3142365049591046,0.8761581573845482,1.0
2023-04-15,False,119034.2700119421,523.0,0.32748124069427076,0.30158461101100426,0.8147835002258762,1.0
2023-04-16,False,127155.35446854055,413.0,0.3067766884279144,0.2947430202827305,0.9176874382225292,1.0
2023-04-17,False,129053.38959966903,769.0,0.31721618826433196,0.40323134318450016,0.8332263283255407,1.0
2023-04-18,False,75755.25834636622,428.0,0.2825938573594837,0.5152610841108286,0.7199966897693881,1.0
2023-04-19,False,119093.61883429279,385.0,0.15293910568694888,0.2570198459285201,0.7440326064586125,1.0
2023-04-20,False,115403.06399720907,518.0,0.2571793866492451,0.32927705912440053,0.767646892416507,1.0
2023-04-21,False,97863.41184145628,645.0,0.2988125296489059,0.4998674923623091,0.8119235498427357,1.0
2023-04-22,False,132407.50394243692,494.0,0.18212078516576632,0.2832186526640928,0.9407930480545387,1.0
2023-04-23,False,128527.27345579461,354.0,0.1533515317064136,0.4632142724393237,0.7949303916412399,1.0
2023-04-24,False,96877.44162025387,597.0,0.164689098587394,0.3193187053744587,0.8300498813398016,1.0
2023-04-25,False,71015.04730510093,791.0,0.29292940631181325,0.28728529677767883,0.8002098992519806,1.0
2023-04-26,False,148919.9842024236,538.0,0.3185030568003192,0.39125909435836653,0.935089503063998,1.0
2023-04-27,False,119537.47270930634,495.0,0.1553352381320445,0.504106284856934,0.7603661781285898,1.0
2023-04-28,False,81958.87080982256,238.0,0.2786977960570325,0.3529548633155767,0.9495411090077243,1.0
2023-04-29,False,95410.62070459267,450.0,0.3137209810994556,0.284491419780516,0.8140007193986853,1.0
2023-04-30,False,74312.05686615016,479.0,0.2651657286751897,0.4749542754563959,0.9426533690295709,1.0
2023-05-01,False,113356.15580848874,503.0,0.31943990708417214,0.45461013537293515,0.7371270976500508,1.0
2023-05-02,False,126535.97135187249,521.0,0.31463432116933243,0.29065767979384227,0.9410611069724113,1.0
2023-05-03,False,145371.4218669226,543.0,0.2557609249857902,0.40884416808012436,0.8940847804888359,1.0
2023-05-04,False,93149.60269742509,294.0,0.27356087034235826,0.3649966981435716,0.7087690767282298,1.0
2023-05-05,False,66828.9488071718,436.0,0.2207808813149531,0.2796420637965953,0.7823371228006009,1.0
2023-05-06,False,133069.57131089258,521.0,0.2745520717442795,0.32533882618555404,0.8985221121237309,1.0
2023-05-07,False,138900.47726530436,416.0,0.17849127213021465,0.3093120950790371,0.8719923862111735,1.0
2023-05-08,False,133297.0208516799,257.0,0.3446993033727978,0.5082475325541064,0.7529815991193618,1.0
2023-05-09,False,146954.92699722783,716.0,0.3325857034589113,0.5353456787650108,0.7238248304358678,1.0
2023-05-10,False,148546.42455023635,421.0,0.29305314642292185,0.34006022151003745,0.7139391136814732,1.0
2023-05-11,False,56469.4391318624,534.0,0.32290317925124007,0.5156315471800288,0.9430311878868562,1.0
2023-05-12,False,72793.3646269713,539.0,0.32685562103166477,0.522054437139316,0.7529962096295106,1.0
2023-05-13,False,96529.40901915226,332.0,0.3388245439286053,0.3028112764703299,0.9041165612322756,1.0
2023-05-14,False,110328.53726892645,779.0,0.30347955346573974,0.3014649102173544,0.7116203002609403,1.0
2023-05-15,False,72342.95998496901,486.0,0.23087685321445028,0.31650207802022573,0.8087232535429386,1.0
2023-05-16,False,92796.26982551532,764.0,0.343303249412398,0.5382963894002851,0.8696086240341722,1.0
2023-05-17,False,81967.89981088674,594.0,0.283949913145397,0.29845127458979814,0.8295892878829025,1.0
2023-05-18,False,110973.4951409662,696.0,0.3268096136177512,0.43173328449721127,0.8935194224826944,1.0
2023-05-19,False,147185.0145775447,306.0,0.18172147150877832,0.259647810084327,0.8933852481892542,1.0
2023-05-20,False,114362.12458769664,615.0,0.28638532564876734,0.31316603768842854,0.7886569787654284,1.0
2023-05-21,False,72017.81804768252,383.0,0.33992660340012953,0.4864914039189778,0.7368856249467137,1.0
2023-05-22,False,111915.29373122012,369.0,0.21018384105813856,0.4480770236536412,0.8861150827471014,1.0
2023-05-23,False,65018.780695430534,392.0,0.2124006273806313,0.4088195934240304,0.9215228320614075,1.0
2023-05-24,False,119315.76898283359,713.0,0.2604520192778478,0.31888847699145284,0.7103157708005747,1.0
2023-05-25,False,79461.43992299189,584.0,0.29525931554819407,0.3703828519908511,0.7260836791591146,1.0
2023-05-26,False,76969.66080944141,400.0,0.34592477269008415,0.4893459462629715,0.806747548991404,1.0
2023-05-27,False,97117.37676536504,711.0,0.24799389109694714,0.3235660938701559,0.7745287253371735,1.0
2023-05-28,False,93387.16914148959,571.0,0.23520974365317932,0.29598142857400234,0.9419661942843307,1.0
2023-05-29,False,125471.26736415454,510.0,0.3213433266089833,0.49545314365840065,0.8364057483033562,1.0
2023-05-30,False,95331.81103863563,426.0,0.1696808015080166,0.2717383982824599,0.9021192915184229,1.0
2023-05-31,False,121283.87531439705,680.0,0.32813138623793914,0.41032387234112677,0.8797225917442438,1.0
2023-06-01,True,102032.01275693256,715.7104966402737,0.28603132268422243,0.5594644719452123,1.0144641994391548,1.1690175900585231
2023-06-02,True,92640.11493180672,930.8237507437112,0.375181935329125,0.3545510411857765,0.8885008669868228,1.3188085378733652
2023-06-03,True,76439.90461168424,554.7259878589368,0.20410473632457632,0.4553002908665661,0.8809377185273223,1.4553682343028995
2023-06-04,True,154972.41065064812,476.42704507760686,0.49825734220368456,0.3666640886215905,0.7995999114825998,1.1879063694849137
2023-06-05,True,183775.30798772234,663.6143637472983,0.27571963599460797,0.3281808348834979,0.9849711834226167,0.9768369060333865
2023-06-06,True,146255.64032696665,873.2948294931294,0.4563735416211718,0.31350833973876907,0.8421020259612942,1.3158487870017899
2023-06-07,True,172011.56785204422,959.4896036372072,0.3812144064502476,0.539447054388964,0.89522575507192,1.0467902162698957
2023-06-08,True,103029.11221073628,419.5269034436829,0.28526549332858936,0.4442139900662234,0.9279933954180083,1.2603223978274838
2023-06-09,True,143416.98675584368,1040.1730427184968,0.38708541260641977,0.41421844398478824,0.9792494196800989,0.8459256931087359
2023-06-10,True,107979.41347900589,899.8970993513437,0.28184232668200515,0.532089571717492,0.9975433974694122,1.1784101924344133
2023-06-11,True,77587.1470726586,976.7141707681064,0.35650627733257834,0.5430792486393898,0.8595823132737611,1.5787889310883183
2023-06-12,True,68447.11428156368,826.3989858479339,0.1954070796772201,0.4824270727542503,0.8480582565962022,0.8051301818027936
2023-06-13,True,169333.64889136842,874.2041090682006,0.4524546035357378,0.5092094866714553,0.956887435091155,1.5666641069735698
2023-06-14,True,152281.68119928837,625.2848696463244,0.39860827317923714,0.549536334561613,0.8836498233652249,1.3995164867121659
2023-06-15,True,75703.70008784521,844.7834646977967,0.34269383539907283,0.4361423873790984,1.0278313073212448,1.4231330455135527
2023-06-16,True,160036.63392030197,868.8327687275776,0.48013116987136806,0.3840853847564841,0.9861504642608262,1.3906690472130543
2023-06-17,True,146525.5306980584,960.8299130633991,0.3627700800552065,0.4057111612977016,0.9028532764777388,1.0624196331454647
2023-06-18,True,107263.03963809671,922.1839236133544,0.265319099200626,0.489823812170554,0.880249371763819,1.546793825347214
2023-06-19,True,130068.27214898201,578.2510362466435,0.26060452866738,0.2975205067078633,0.9614428443775055,0.8931783779691229
2023-06-20,True,84037.21917156236,989.9446530956584,0.47235990776683395,0.449589752172574,0.8588342746318924,1.4272159751463498
2023-06-21,True,126029.84768311745,1017.6234770001723,0.22719949899084216,0.3912422776415518,0.766044602775713,1.4885101301628803
2023-06-22,True,99286.72440450195,765.8891495213669,0.41478950024121913,0.49895191615762996,1.0538432925665384,1.3305098463715939
2023-06-23,True,93265.43623638473,524.7244872977554,0.22767290024636394,0.4808052419773668,0.8923196592817859,1.0381898455264535
2023-06-24,True,124605.91944932604,1026.8430159470022,0.4062008854503225,0.28368751349537497,0.9182073611364001,1.414028677080935
2023-06-25,True,129994.49445708557,1097.3433756585982,0.40579072568280694,0.521875121244211,0.990210974528073,0.9371690938403044
2023-06-26,True,155975.2988598875,840.176280917691,0.4013785791729931,0.40555460634778684,0.7796881644739128,1.3181820372967175
2023-06-27,True,154727.065260218,370.0986900604615,0.4167973898846509,0.5892367895780292,0.9384844664613404,1.3976061438874736
2023-06-28,True,224318.2752440811,944.5305761235226,0.33324185194319145,0.4269434633534784,0.8017697324633628,1.4758607994724047
2023-06-29,True,80234.90643399979,668.2448033126742,0.2365411764810369,0.49510056153906096,1.038191491091785,1.2788304697844115
2023-06-30,True,71952.41696093188,749.1643399902609,0.28952812302097886,0.38858385894120717,0.9533267105381719,0.823287743994542
2023-07-01,True,178968.61044823204,376.0952893685879,0.25246134039677115,0.3501035977504059,0.9080065839195536,1.3563478302519139
2023-07-02,True,103800.13274220313,684.9379392316268,0.3497085425501737,0.38156620322520596,0.9078775989481104,0.9877681703671424
2023-07-03,True,114978.64081460137,533.8160652709441,0.32276656386636216,0.3415214838422756,1.012381828194221,1.2894993128111398
2023-07-04,True,194974.23228376306,413.8334014102317,0.35204205126094595,0.5647311294214111,0.9214296813984588,1.4040664774207352
2023-07-05,True,153782.96909750102,614.0457066207587,0.41005516441427803,0.3858303972272843,0.9782584186009077,0.9079879690468277
2023-07-06,True,100195.36877757435,529.0714835360898,0.3511884482922249,0.5807557023363086,0.9428266575038831,1.4596405832637964
2023-07-07,True,119631.84206345875,395.0962843049788,0.3101093167529457,0.3967630476670755,0.8062624873198999,1.0474716791487424
2023-07-08,True,100893.81435637576,460.93519895292604,0.27209544960020854,0.5083037798682036,0.7739481493242935,0.8533209567483504
2023-07-09,True,169337.16848175877,898.02437465306,0.33758501075541614,0.28309400277798563,0.8576110227661465,0.9107121737539717
2023-07-10,True,90539.47696863822,882.4615219504243,0.4569954679225167,0.41386641494504256,0.9932661498648416,1.0289827890240952
2023-07-11,True,152510.21709217096,812.7046563664879,0.3088295158288017,0.5669621788411683,0.8565592061223558,1.0950371743829723
2023-07-12,True,79659.2552356935,1019.9037194842784,0.23318328168017027,0.3536045176784446,0.8500303704748466,0.9192639607676352
2023-07-13,True,121626.4344210099,991.456394154475,0.34129684336113103,0.34138353328626286,1.0111028024560653,1.3812450026079106
2023-07-14,True,86382.86463858084,269.98270260566375,0.4128120069343382,0.30972976983873923,0.894864105338092,1.1176663839363696
2023-07-15,True,77209.61891628381,399.32912122074254,0.33654350935201904,0.42108190002262225,0.9830054367541071,0.9500077869574275
2023-07-16,True,166029.7282516926,778.1880391759491,0.29527485829529626,0.4671634119311132,0.9273795439794208,1.159435842803285
2023-07-17,True,70826.3761146364,757.582500074557,0.21960898197267714,0.5564757071221026,0.9548604003857624,1.0319931824841218
2023-07-18,True,102539.5758832605,849.968942788882,0.2028175558964134,0.5351184918631842,0.7562377415356013,1.4787218752450504
2023-07-19,True,204266.7423478622,493.8146686023646,0.3546520637324622,0.36246182227884644,0.9413015227684217,0.960755952390698
2023-07-20,True,156137.1603469538,913.3510575496485,0.5134147864466814,0.39520297241857,0.9223875010373271,1.0503292887189275
2023-07-21,True,108711.88845355465,347.2702433289887,0.46125110802044117,0.4431802450230819,0.9483159784809824,1.01637016756186
2023-07-22,True,107800.17443975348,694.1140251561293,0.4122674622603606,0.3072134737263723,0.861690342771226,1.282845313917226
2023-07-23,True,63994.85417506414,581.733641339883,0.4147417307913726,0.5460578829647151,0.8025876340822999,1.5419512375027515
2023-07-24,True,162603.8519540868,966.3469052853598,0.28910113250642544,0.521894775820533,0.9177959278660088,1.405278512687262
2023-07-25,True,147595.90838922336,1099.8665230337288,0.41186224279525563,0.28386045586365144,0.885151918832108,1.5284540959710848
2023-07-26,True,89884.88616026532,572.2550692099061,0.2525177310019865,0.40627350467868123,0.9422985564872424,1.0345951159954692
2023-07-27,True,119948.50442372866,324.6745164619928,0.3731294132662006,0.5572276710144303,0.835284276777066,1.483494841422302
2023-07-28,True,222309.2092535069,588.9531629360895,0.390660762470524,0.3723850439831914,0.8144608612170758,0.8067086519144713
2023-07-29,True,199909.5958250542,998.5889982074713,0.22653369245674654,0.3800197598007346,1.0067241466500096,1.483715118358797
2023-07-30,True,117557.58559397489,263.54640948342023,0.21537421225912487,0.5207607094400583,0.8622464291726843,1.0568800817918358
2023-07-31,True,149208.4539018444,809.7103955094291,0.303781881626661,0.39682667054125115,1.0144396012519978,1.4333711709339538
2023-08-01,True,87524.14032969375,687.9374341726649,0.19898825296616682,0.5259359774025588,0.8576548087266485,1.045572678785646
2023-08-02,True,103063.93321593094,630.6506352905317,0.32995497066059915,0.5695439897461964,0.9052927139526503,0.9861315519219649
2023-08-03,True,202152.15553124668,720.6687550339976,0.41643347389302077,0.5050887292675593,0.8367374819424263,1.1270956597009318
2023-08-04,True,104434.71788801119,720.4785510697541,0.3071473636317831,0.30384845777639613,1.029952687213241,0.8935708071312706
2023-08-05,True,164809.46013994943,966.3713757506056,0.3416908409087283,0.5378634337538909,0.9176301542291384,1.123508382158762
2023-08-06,True,160032.4575822645,822.8210871805546,0.44132831158067176,0.45072641813693015,0.868114441453483,0.8487915792732699
2023-08-07,True,71294.56124317004,648.2606254987696,0.2713327953481939,0.36289673290596236,1.0910069467277737,1.430314263896536
2023-08-08,True,169458.66896465005,943.3644792877556,0.25862069368141394,0.4632092244829335,0.8710672234049937,1.3329832210997776
2023-08-09,True,173020.4177266929,263.8067048961259,0.4034464616781942,0.44988642811951485,0.7356423944585276,0.8345062370671097
2023-08-10,True,209912.1520950678,949.2009346690888,0.25806721354567375,0.31724093277678395,0.8853305751554421,0.9686119614175152
2023-08-11,True,103253.76532575577,429.9505371913068,0.30718395771045104,0.5755015868933152,0.8357995359480914,1.5200441142764523
2023-08-12,True,134940.70724357906,555.1346338894284,0.30904968677107064,0.4554064284138153,0.997814358118552,1.1603508060529462
2023-08-13,True,214244.59069683746,377.5592469873066,0.304716883579248,0.3158271559794181,0.8627864910413179,1.2276654023077582
2023-08-14,True,75745.21938219719,848.5515805598525,0.40492723904109595,0.280244711582742,0.8247934950456988,1.4506198863784805
2023-08-15,True,182114.75307147283,1086.8643779283234,0.23560065952950535,0.2741078715520273,0.8712286685489213,1.2058688423390698
2023-08-16,True,173732.36253654739,1066.070537806806,0.3415127458486386,0.5871041334196506,0.9833789873157411,0.8706826529541262
2023-08-17,True,193443.66376268823,390.64466135879627,0.24328858749350107,0.5663437179838072,0.7757473186938845,1.2589307578298916
2023-08-18,True,177371.83046215554,643.014422145058,0.4817562703635348,0.37860832114957305,0.8538834646741107,0.9599421315408493
2023-08-19,True,192316.90248626776,364.3522980361887,0.2500675098782035,0.334695350942819,0.8208803152618381,1.514176425381868
2023-08-20,True,131760.4034399181,389.9875213646142,0.36136095417360536,0.5672211163287187,0.9166288287518789,1.5125541669826195
2023-08-21,True,76891.42930255418,347.75841766924134,0.4097097967492905,0.4725017850350475,0.9527487039979755,1.055527333221645
2023-08-22,True,200217.62206189966,811.705602381423,0.26901321742576334,0.5796945521859619,0.8623607171146533,1.511007919776743
2023-08-23,True,198182.28110565132,704.9609449829361,0.35700425621692444,0.3901101058994137,0.968245048142285,0.9378279436901883
2023-08-24,True,165898.08386025994,788.2042118522207,0.43155799670836403,0.45273259328832516,0.9725851654764776,1.490492316227075
2023-08-25,True,140978.7930305112,706.8584812156926,0.25466291684616543,0.5363817393382307,1.00005565314757,1.1829177670611473
2023-08-26,True,130512.7890082063,366.72346053916795,0.43102042795692447,0.4409537928122888,0.9710309739627421,1.1475340656625332
2023-08-27,True,157936.0480588352,606.5482043703157,0.24122075115843344,0.4600600083868085,0.9792096804480156,1.1531553240570422
2023-08-28,True,105477.07023915245,867.3698656781698,0.31256464911873977,0.5686157424765509,0.787232963792023,1.2164092110754952
2023-08-29,True,130577.87072744302,609.6185623190846,0.24124581438837514,0.535138988164979,1.0232558816509314,1.1499387477218326
2023-08-30,True,85075.51069651649,363.3773288824976,0.308423677063264,0.3071871144458714,0.8764450368212854,0.9855939376888947
2023-08-31,True,121373.80561781238,660.0530740453792,0.2719373013396565,0.41801830563809095,0.8664737796686587,1.3005030269406803
2023-09-01,True,138171.89088661168,466.51358732409034,0.44188831709096316,0.2891321182818335,0.9403728767830172,1.259808177002594
2023-09-02,True,203958.70653694234,325.4944419159281,0.20142281060742048,0.5582180530626223,0.7836811475329489,1.2158283614760004
2023-09-03,True,171914.01507255412,753.6961458103214,0.3240205507805925,0.5899687603210428,0.7880550488739173,1.4872515848329186
2023-09-04,True,80093.03233442105,277.3164199904906,0.3852271344307977,0.3473471917658005,0.7934094071828901,1.1415918793193012
2023-09-05,True,163249.40731288266,849.7291882408538,0.36347764910419933,0.5085343195007922,0.8070666923010799,0.9353008368965301
2023-09-06,True,92362.45594634967,640.4450168738066,0.3663788900634565,0.3131897344425487,0.9723664772090004,0.9355861891221443
2023-09-07,True,193455.5419428743,674.7155461979712,0.2777962534878132,0.4818352814173257,0.952049808221022,0.982377413914735
2023-09-08,True,97511.32278011179,515.4600695186562,0.23771679883165345,0.5909366115710601,0.8674295176828912,1.1939158145205413
2023-09-09,True,73395.3274733673,379.00528004774515,0.23286068059498555,0.5221096948335867,0.8820785363518415,1.2666246253745632
2023-09-10,True,130651.9228695781,929.9919820219659,0.4207044906510958,0.538295750585592,0.9629773024314461,1.59089659666728
2023-09-11,True,72831.1379566008,713.3419333288426,0.33489828323070714,0.5733202932425937,0.9187098397615239,1.2904190560123916
2023-09-12,True,97787.68483680119,836.0839561608242,0.4894660517813905,0.594459250496439,1.0584048969763158,0.8007610984514896
2023-09-13,True,91483.30520301592,697.408945899036,0.44143764079540865,0.4159310154641927,0.8577392599380247,1.090661548645586
2023-09-14,True,71542.85974895423,738.3174260712219,0.3365685269304817,0.36868763670759924,0.9955649267483077,1.0135349033082963
2023-09-15,True,67551.60964171767,720.4251131635237,0.4036336099230715,0.39463732230180637,0.7913622940051863,1.3322507303013589
2023-09-16,True,146156.32978898275,556.7429157771783,0.36387152698335495,0.5561891112683934,1.0413095564205619,1.306269978715415
2023-09-17,True,92936.76068466797,370.0689718727719,0.20100351868968425,0.5999565462446116,0.9558505801323074,1.4451225083890198
2023-09-18,True,155784.4471257588,1056.1627312496255,0.3775403445565191,0.40003239989964984,1.0008092314671397,1.0941603055756277
2023-09-19,True,88723.88303322694,389.3669079640421,0.18803277292626683,0.31457041828233584,0.9323492946940114,1.1784528282072444
2023-09-20,True,211423.80233078482,572.1850074327242,0.34450094999932396,0.4716882789930816,0.9855159567660977,0.8272142811332581
2023-09-21,True,195463.66195263976,743.9022512592403,0.3848390308223266,0.4667748948832663,0.9163201269804547,0.8023072306131455
2023-09-22,True,197892.70417861696,623.1049351950222,0.3849439515594371,0.5039391431346142,0.8317849297124701,1.4843993807570113
2023-09-23,True,190448.58106676408,942.1348882705371,0.37606910998409593,0.5522885524166964,0.8215177087632177,1.4320040509473155
2023-09-24,True,133250.55187582254,1123.7859908617017,0.30645518042600484,0.4963499178218766,0.9331827260839346,1.340006226458389
2023-09-25,True,153238.4543584241,383.36655565436394,0.35261327098608036,0.2974881398133077,0.9161038240532359,1.1690989405425596
2023-09-26,True,127299.90765273888,503.4894819476786,0.41727763062426043,0.4110310952352214,0.9481287599080396,0.8566711690991167
2023-09-27,True,100473.59408388085,650.396018213496,0.4020011142663551,0.569988553656281,0.8829776549218339,1.1833589909564013
2023-09-28,True,152039.8183219489,290.98307488858126,0.3950800249756441,0.495572730017094,0.9183004419938041,0.8943709570469891
2023-09-29,True,176721.70367126606,913.0076318640133,0.38955528261858474,0.37990937430858507,0.9307428303310333,0.9226718656036157
2023-09-30,True,210073.1464035592,663.51030137953,0.23453352246177056,0.48974483817097286,0.9749920270931917,1.3330047162640977
2023-10-01,True,103609.21194670972,1031.6858741159042,0.24592361137850638,0.5628330759826925,0.9898172891615353,1.1925714653178798
2023-10-02,True,213032.2687627306,715.1395011357715,0.44652453348470794,0.48300536491377677,0.9613693637867248,0.9804979923954884
2023-10-03,True,84000.6922477722,804.1858100783127,0.2297042571055899,0.42447975913672353,0.8036138600861434,0.9339615914541327
2023-10-04,True,126891.86252452094,972.2756836813588,0.3585741149474671,0.38794789884919906,1.0083081038264534,0.8455669249591056
2023-10-05,True,117455.00033629601,918.2263359647939,0.3617997357110956,0.43310071712358583,0.8846281727097285,1.3584774183272947
2023-10-06,True,130104.67627888781,979.6953827647317,0.2657692959619177,0.5604071431958051,0.8035347227522146,0.8946393085945028
2023-10-07,True,81059.58891616254,643.2510015337036,0.30285365968903377,0.4971526602036097,0.8827857803178818,1.529697898219554
2023-10-08,True,186897.55000937954,338.83484104234014,0.5046408051969413,0.5854635716198997,0.8035068873605592,1.433133885750009
2023-10-09,True,97826.1993127476,1012.9898937706342,0.31915423356527317,0.39794518888354574,0.9518301363029009,1.2021115050036408
2023-10-10,True,84594.82712587185,1106.5752801712533,0.4771901509383713,0.4143769388514124,0.9484382844322364,1.336246002554054
2023-10-11,True,103981.27889848071,984.6789987739841,0.3066588077292601,0.41504722198476224,0.9964389361478297,1.4460025180435945
2023-10-12,True,201362.7562140582,349.5462324098958,0.41923904385659416,0.5526604366841853,0.9708986708557878,1.421256109364063
2023-10-13,True,160143.59884133365,964.7227202221177,0.3393037158501822,0.3623834617293216,0.8267267311153954,1.0871608758863025
2023-10-14,True,124697.60579965048,793.9101365461089,0.32050264499048153,0.2972290773282297,0.8177321979130296,0.86171949965012
2023-10-15,True,153145.12080996466,304.801776980242,0.40663566711412386,0.40582166189316715,1.035232560896408,1.5582007453496132
2023-10-16,True,114051.72720399867,811.1688331126663,0.39151599054156166,0.2888984339962023,1.0211556808511215,1.5147087612870354
2023-10-17,True,124863.31363921528,756.0257814560064,0.20578466470885834,0.28161892958542584,0.8988204371733329,0.8184997541146547
2023-10-18,True,174429.90807913497,613.047104095663,0.34182649453714964,0.5138901236905613,1.0003316460623461,1.4983578855833874
2023-10-19,True,155797.16284020452,1045.0752921729993,0.24622346810604026,0.6119223298550358,0.999487430727438,1.0678652855940975
2023-10-20,True,99867.64453535908,1022.821288439677,0.22083881213717532,0.3785503349532736,0.9136432553146157,1.2441069218130618
2023-10-21,True,114576.64469918994,955.3884753820697,0.25176066453034623,0.6032826295913715,0.7947210997276378,1.500192925277349
2023-10-22,True,89045.43813298015,269.18184792460903,0.3458444177256211,0.4407395163315085,0.8193884153835049,1.211583941585274
2023-10-23,True,186433.3167976627,658.8550310093947,0.36798819241831515,0.3050554202556741,0.8835622817796187,1.002454964067864
2023-10-24,True,148348.5179537406,471.80128983261653,0.3050768202466871,0.5407458706053058,0.9747597073781858,0.8433640213448981
2023-10-25,True,178521.53022797973,570.0709804966627,0.24579797022969266,0.5545915027780034,0.9684629852488557,1.3641027122429548
2023-10-26,True,105201.79329037394,622.8338878630251,0.3245012078864125,0.2963790005611056,1.0591748528711964,1.0508664035457709
2023-10-27,True,125305.62641579128,438.31033606067297,0.4465206897246376,0.3511684262167801,0.8294828046269319,0.9612015289067597
2023-10-28,True,81419.86920984219,516.8855813646754,0.3821353979240889,0.4014556917737573,1.0574702226339592,1.2286473527097357
2023-10-29,True,88347.14731768012,843.5538466913757,0.2956879972289449,0.4623252515525582,0.8337916242065211,1.4736339058535342
2023-10-30,True,181368.63573354567,754.9542107595548,0.43368857221204443,0.44224764738720257,0.9069754813558162,1.1662511565764415
2023-10-31,True,131877.4953640207,705.8139020987389,0.4246734190168217,0.597287003841362,0.8216784692828764,1.0226425450117782
2023-11-01,True,169745.82271000044,1125.7032964002062,0.22071311710987135,0.5048154368431372,0.8218781881924323,1.1729437831132303
2023-11-02,True,75453.56856583474,761.9755293493549,0.19227474120017007,0.46036264854150255,0.9665526483465885,1.3093794844040751
2023-11-03,True,200463.32358466083,527.9350533270207,0.47806184198161633,0.36248106550021447,0.9331950531906096,1.107529992781503
2023-11-04,True,197433.82013119696,567.6472163067918,0.22869508036289726,0.3222024422847255,0.8713613435330502,1.2114372009623635
2023-11-05,True,90865.99653394644,641.9769516819811,0.35994801230996215,0.4961256415543135,0.9100230402049848,1.2146075391785889
2023-11-06,True,169323.80244837722,1042.7249273534558,0.366539081741591,0.5742587315259139,0.9082480343053881,0.8520980528963203
2023-11-07,True,199263.40460986938,645.3814642539531,0.2724640033206521,0.5383838137698168,1.0209285466378146,1.389175378322253
2023-11-08,True,93966.81223904609,400.72235726534086,0.25830293677746957,0.4614931893474425,0.9863606540523867,1.1062892827465192
2023-11-09,True,129879.86611478256,977.9130260471916,0.22573861642029916,0.4909972450295223,1.038169784362244,1.5355938633133517
2023-11-10,True,110357.94334370043,776.1320806180653,0.28103399584629707,0.40258771844346364,0.8832776660810129,1.178548763051199
2023-11-11,True,165066.88124214357,873.1851695681111,0.4144070310333192,0.439001755050257,0.8135215955891242,1.4078214548469878
2023-11-12,True,146546.49266732915,368.5409667914301,0.4091441718105038,0.6039120579833664,1.0681523841045593,1.0218562500738984
2023-11-13,True,142861.66268667523,834.2538759313154,0.34193870605466564,0.6067474531891954,0.7531924251894764,1.4345381421550591
2023-11-14,True,116192.85411034117,745.6375296855915,0.23862833683796048,0.4539954378938943,0.7781688649730301,0.8013676643557055
2023-11-15,True,172965.8709432751,340.0070466847302,0.40430406026513027,0.39604540637246227,1.0730407200463834,0.8895716261445455
2023-11-16,True,160773.23344601583,946.3052974404516,0.4145934694641773,0.5256348502013222,0.9014874584825362,1.5035621234229426
2023-11-17,True,111115.23608383928,665.5774641953286,0.35519083122801776,0.5079644161584441,0.7453568950097191,0.8461458343244171
2023-11-18,True,77834.70214646021,853.37551278049,0.42653281708868074,0.35840154652072187,0.9850986895005218,1.3018502889383692
2023-11-19,True,117082.95355175888,978.4209962282072,0.28361088233941784,0.5941919616176711,1.0263571529732325,0.8101685702021344
2023-11-20,True,84969.92211652304,1071.463657542535,0.39976783959016976,0.2644997292354458,0.8744221896955343,1.2881089911365973
2023-11-21,True,155496.65260476462,400.6818155580214,0.42064735069049713,0.4370771559255131,1.0360126032141108,1.528479662516618
2023-11-22,True,66657.78908048621,993.5677862259547,0.39409861813650426,0.553482429256825,0.816155634061117,1.2139879199474213
2023-11-23,True,99286.71024883159,857.6525941725112,0.5023542612753708,0.4761346612671644,1.0175963119493034,0.9439249729029761
2023-11-24,True,117518.03078804976,434.8872982004701,0.38156839292841266,0.31816704179564304,1.029867128712813,1.2455470362538414
2023-11-25,True,219190.7490679489,297.90667022581636,0.3803356072442319,0.4570092992690784,0.9627538685613845,1.075598183591774
2023-11-26,True,97404.66542261702,425.0460307121757,0.23113613071907418,0.49323933193663255,0.9290106847957355,1.2284222932580262
2023-11-27,True,97760.71643628035,920.7186324772631,0.3792261534483838,0.35566653939461185,0.7894205733319359,1.4834174520102819
2023-11-28,True,204991.231156399,510.97249024010046,0.3357744845218047,0.30610914196211547,0.8243413051846266,1.3315570198617888
2023-11-29,True,135169.15141970007,421.0146465922359,0.32730477839450123,0.3996164730408236,0.800962594101091,1.566850702892258
2023-11-30,True,135641.37442290873,933.1521147138418,0.3110848117016288,0.5211070981675309,0.9244957431329293,0.8538911616551184
2023-12-01,True,149817.87433355965,686.918313628577,0.38283245669680954,0.46187747492334197,0.7870357921795271,1.5503498474365744
2023-12-02,True,94767.10919328652,722.0927954970174,0.34092155351146036,0.49122307916713737,0.8140385027915625,1.5824298991507892
2023-12-03,True,78169.0544008414,892.8170763326768,0.41089527646180557,0.2777080648411619,0.7697742448245992,1.351993807462943
2023-12-04,True,95132.98054455091,504.30097526376636,0.2548703535424553,0.4988041803639289,0.8634049250921421,1.1984565228218798
2023-12-05,True,82628.68041084512,868.0863630477871,0.40763311151733966,0.2998906116371506,0.8649874093540936,0.9480426025806771
2023-12-06,True,69157.06134655935,496.266896314341,0.39179980786910057,0.5706893337595791,0.9757880981244592,1.0083971633215607
2023-12-07,True,158196.977669799,347.0687111646897,0.3708875211676384,0.2710458045424844,0.8573007480504738,1.200753827979844
2023-12-08,True,101481.89471713657,817.9325560045177,0.32714276969331446,0.4415723342338536,0.9408705988726224,1.524466096903229
2023-12-09,True,67109.00045838926,448.30737704441844,0.4302776038524305,0.5457993807943238,0.9629252388205809,1.575717672841717
2023-12-10,True,204485.37024255304,1026.0223744407238,0.4584440709314646,0.3444978121079228,0.9123598784241036,1.0861018639208337
2023-12-11,True,67346.48367467588,402.75777182754854,0.4152033366529786,0.43962727168002397,0.9331626916235632,1.0343652186565242
2023-12-12,True,155421.40130746106,797.672944211438,0.24269924282683483,0.5741375386392203,0.8775597799787138,1.089459330872462
2023-12-13,True,107850.3022484333,575.5194352417769,0.26899426275591837,0.5849068509978246,1.0233485617839972,1.476518760288228
2023-12-14,True,164982.8483279504,669.1718280744881,0.3453653811212879,0.3442056702902864,0.7960265451699263,0.9310799175148681
2023-12-15,True,127568.61421543281,548.8002913930285,0.2161980774513118,0.6000702635646782,0.7951134068912382,1.0064920415472203
2023-12-16,True,128944.25347041944,769.911583837564,0.23472739415811442,0.28785266760897027,0.881676276144614,1.3322695393220205
2023-12-17,True,127919.91430804486,858.1092073356285,0.3445422974576864,0.47679144161534415,0.8923096314812848,0.9144374112362933
2023-12-18,True,139452.35600032337,697.3973198170511,0.37217757414902497,0.3698402780617032,0.8366671279711324,0.8843069871156124
2023-12-19,True,147380.90295360744,621.8949802143352,0.3588005731584098,0.4038666020336975,0.7723572901487885,1.2787723096055215
2023-12-20,True,206150.23267753268,437.18839104623333,0.2794686365508732,0.35169412088488045,0.9776359610856261,1.2210210907940982
2023-12-21,True,116205.12441933145,583.010134901801,0.48655761081618365,0.3253875008876899,0.7780172375235387,0.9224670384033324
2023-12-22,True,99850.24921272053,908.1946412633514,0.3271744382146846,0.4728838349362153,0.7654321391502101,1.0975261434318329
2023-12-23,True,121541.92425363272,870.4135690820151,0.18971407917970362,0.4859192518090297,0.8900424370986328,1.5388006372558558
2023-12-24,True,84053.4463829345,634.7522960322484,0.21581047305209888,0.3514236795552709,0.8297819866567862,1.093308217976581
2023-12-25,True,212398.43824386757,289.1527020057984,0.30273591944463757,0.45166501163385764,0.9863158062164799,1.4658034962410726
2023-12-26,True,109902.38534312614,589.6445473117006,0.3324006525577675,0.37681033740802533,1.0480095220911594,0.9263271801588018
2023-12-27,True,162053.85377009035,645.7057772920555,0.32300640725807495,0.5601695837667954,0.9925303085014131,1.1652843631996694
2023-12-28,True,170504.0636120086,488.5568485801237,0.26214566335324935,0.511099268830489,0.7750334370518466,1.0881914266273234
2023-12-29,True,147961.23198001293,393.0807720928194,0.32673783320937466,0.48222701653957506,0.8969004766728581,0.9853219161018938
2023-12-30,True,117139.2346229356,544.2653031571006,0.2891064017543445,0.43543661980126813,0.821031004644587,1.326960345597826
2023-12-31,True,177291.24411435155,886.090759980363,0.31246379208260877,0.353672098762353,1.0255291139532055,0.9007286480167151
2024-01-01,True,182522.63886721837,451.96331367959607,0.26131731998236496,0.3762961456145961,0.8012425045777687,1.168357982251268
2024-01-02,True,153284.61244853633,540.0904996819775,0.3234358226318159,0.2697271048859792,0.9792571180040696,1.4240064651719602
2024-01-03,True,84347.2943745933,909.6601824047029,0.32063042845748096,0.5400904775071279,0.9052174626383274,1.5501644162872894
2024-01-04,True,117889.57488492917,591.4500417480102,0.25903033748642534,0.5138106180749886,0.9648122268314108,0.924949653511672
2024-01-05,True,174068.2128685349,992.4074283947932,0.3739153588611269,0.3246773576466458,1.0264732567573107,1.0810976080181494
2024-01-06,True,138669.38241532486,385.7371824058428,0.28657692028864407,0.4594729671872914,0.9465818060697112,0.8896053909318588
2024-01-07,True,71431.6480156513,574.7446097043636,0.45656417004857,0.4045671741797478,0.990206057455884,1.44986039879038
2024-01-08,True,88692.22320095896,496.17183197579845,0.23991709982598095,0.31415543706011495,0.8566650022085786,0.9227389212174623
2024-01-09,True,73813.93818856054,830.5572763131818,0.31386856067952035,0.6170893750273669,1.032699233301174,0.9498524518196605
2024-01-10,True,176848.41979781806,697.9220748408123,0.45125846050440693,0.5811706302115109,1.004401402036222,0.9920999646159386
2024-01-11,True,167612.58460928724,406.82900660884536,0.46931039286433235,0.3092718348297796,0.8925352075720902,0.9237052761896387
2024-01-12,True,126100.90550245623,612.8640548321661,0.20411910819523596,0.5006110229631231,0.7999773202057294,1.4485385392904297
2024-01-13,True,126496.46972518176,865.6177088393891,0.19821567940973428,0.4948363548451828,0.892689411188724,0.883831501156343
2024-01-14,True,83738.366923003,776.9337076508446,0.2574255948697887,0.6131887146232234,0.9006757027404606,1.5590085098055868
2024-01-15,True,151622.29343462538,850.3961028121475,0.22498213695935393,0.46823697102723266,0.8301583300870857,1.1683249107532918
2024-01-16,True,169746.70240973265,927.9295208309821,0.2743801876042655,0.47438183314476845,0.8259888747004228,1.5014385974036133
2024-01-17,True,179141.7038394531,588.4967004157362,0.5089063313859361,0.32597567267027205,0.9694859608078197,1.2162798745731123
2024-01-18,True,152961.06640225457,686.801328801859,0.421031568942864,0.5127302304854878,0.9769286848714003,0.9766739068645177
2024-01-19,True,90406.81066999328,438.0334528897922,0.41654026163292984,0.3432802337217508,0.9105030445106307,1.4851157988440518
2024-01-20,True,159710.07712304292,567.2849016426461,0.2231366606108714,0.457691959668877,1.006273347068938,0.8022397532459544
2024-01-21,True,155090.2968588609,813.322331891626,0.3711304912518796,0.4957282914553274,0.8232211555093304,1.0768307363444034
2024-01-22,True,124020.5113836964,1126.486942068535,0.20591572276863127,0.5537029127820947,0.8325537340911489,1.5246979973973136
2024-01-23,True,180379.93926139298,1103.7330732881094,0.4345490628627337,0.5065905631391293,0.8094254876712711,1.3307610579339673
2024-01-24,True,112751.7212892853,404.1648111572172,0.27192469712152373,0.5446864781893289,0.7730937148168083,1.388254117932688
2024-01-25,True,124570.23149818767,353.03834932187226,0.25865732078526305,0.29765449996387033,0.7600688483402046,1.49601607578034
2024-01-26,True,155734.48418310494,407.3501449160728,0.27118226337211443,0.37670878097323357,0.8037685967851059,1.5006458707277883
2024-01-27,True,84461.3697223493,771.6012579071123,0.5032243433283938,0.49455384567632416,0.8243152129296437,1.1874627929262485
2024-01-28,True,139471.8327130356,676.4985167652371,0.3915049834725537,0.30880664118530915,0.9071065838947626,1.539413700679312
2024-01-29,True,103334.53287273296,869.1009785124196,0.30780093718075047,0.5507111919537039,0.9455183188529581,1.3997480434382417
2024-01-30,True,205797.11089346997,295.080092617008,0.409097243747983,0.5680471250045553,1.0301343465136967,0.9719690107686539
2024-01-31,True,113563.0015985571,532.3790918076178,0.3648729271523393,0.535416025610192,0.9325059062591308,1.1232281321326378
2024-02-01,True,124211.79713874192,881.8495905653399,0.2992277307933504,0.4558570962055617,0.992122653338272,1.0543375075291535
2024-02-02,True,206514.04506894195,619.0307884674323,0.23715633978925021,0.559643992863105,1.006013364856834,1.2140691370890964
2024-02-03,True,173878.48265673695,469.4997378281666,0.26292626906422684,0.5647723587097804,1.0451537425238224,1.0261465996734225
2024-02-04,True,119701.43653156688,600.0511508800287,0.27942941321671044,0.3727501009088644,0.8070315189683217,0.9104331291466954
2024-02-05,True,111210.60909063015,645.5623066788525,0.2507968469399387,0.364948361936302,0.8832937366078311,0.8979769819656273
2024-02-06,True,174238.56456908365,566.2242105857554,0.21562740083961793,0.39451431236580126,0.9731821195659162,1.3622422998015646
2024-02-07,True,176457.90479266737,1086.4436511902127,0.3820567990045424,0.5779473191584885,0.8695377471375262,1.5006456973709694
2024-02-08,True,122709.44067343885,777.5763938143153,0.2972362756486092,0.4526411981944489,1.0372101263172104,1.0247341390786389
2024-02-09,True,215322.58658334467,1009.580526836361,0.2687666217023576,0.5679607999189085,0.906824664865584,1.5005737382490159
2024-02-10,True,197040.91867929668,946.8758596785699,0.2421903840049061,0.3627193280776537,1.039577044039164,1.3878820490531383
2024-02-11,True,168643.52935599303,304.1996188931884,0.33427799172437017,0.42622021559870854,0.8773733928064171,0.8884444225341483
2024-02-12,True,161577.00583540782,680.2427413344865,0.3464608276409325,0.43366052851317344,0.886519774529733,1.463045500774924
2024-02-13,True,152708.22464883988,431.0697295743585,0.39625031017222445,0.4902145636872951,0.9936845786538478,1.5230148970536632
2024-02-14,True,174404.36618958964,1027.6603572317538,0.39318545888939777,0.31304135169163927,0.844375021168566,1.4446642511036392
2024-02-15,True,191309.49149194188,600.8226440118686,0.22382881526436865,0.29153356982602635,0.8447748434811326,1.5588945077022738
2024-02-16,True,105642.00309943965,676.444081701396,0.2373275187092242,0.3331512757935994,0.912543379157825,1.3120883063727975
2024-02-17,True,83512.25973192226,710.9615373246099,0.4296497619928436,0.41564682267537356,0.880218593921949,0.8450244027801084
2024-02-18,True,163946.85291644686,479.28879406343043,0.38997391027748785,0.44986917997521825,0.7871143507653994,0.8835780229927209
2024-02-19,True,105367.2532170515,540.9570957238593,0.4806467195091085,0.3948456311429942,0.7996676849940482,0.9073694715653928
2024-02-20,True,72141.15657258418,623.3337033996329,0.4108109518483988,0.5364665025853307,0.8793482750976411,0.8348059531813518
2024-02-21,True,139154.11233181233,896.1886740536988,0.4051104358316928,0.531098894932931,1.030441531574134,1.2898931739207358
2024-02-22,True,169208.90776942135,729.0409928608012,0.26190979272496456,0.4435725459864076,0.9087034468365042,0.877286025889002
2024-02-23,True,205656.39914487425,635.7694874346097,0.42837673198360426,0.33001977455592596,0.8218042024935607,1.2474931613527238
2024-02-24,True,101484.00750722656,450.0365637894421,0.23175429030615863,0.5474646405129965,0.9117702048103103,0.845446776435846
2024-02-25,True,115277.47433458024,950.2874340364092,0.2518832950946164,0.5447002226364664,0.9702352787475719,1.0990041297197393
2024-02-26,True,116539.52005066472,474.2308893154947,0.27306219378818397,0.4814634095594695,1.0542033818184788,1.491264145315576
2024-02-27,True,114521.03964020673,675.2329342473155,0.3412708312236057,0.27261186350698946,0.8548268685038494,0.8841366263736052
2024-02-28,True,68723.23798159973,855.4102192830862,0.31690610343282816,0.4066752249489771,1.038843560643033,1.2118671731985953
2024-02-29,True,116313.53484189934,957.9009242469344,0.23319715429634966,0.3067391309253201,0.8363474998205707,1.2881644411719098
2024-03-01,True,81989.40833795599,862.8365219345625,0.21010143220008728,0.5241844186990927,0.9900727170713582,0.8155137590845495
2024-03-02,True,105423.67182775006,675.6583122504303,0.37723883970979105,0.6234780608915154,0.8718411350842089,1.1894992248321539
2024-03-03,True,173300.85071080812,771.2470380391779,0.30362983594918036,0.30204722035285314,0.7977867542045007,1.1162961289160802
2024-03-04,True,162211.16640244302,579.8224749444968,0.20879606206940113,0.5787163504678507,0.9728922061031079,0.9230460314290775
2024-03-05,True,152099.43632360644,295.18053870741153,0.4163345927704534,0.519301865720239,0.9817422438629422,1.345030186562342
2024-03-06,True,179406.60010579252,580.1980563373249,0.40690933350373754,0.4921558507992679,0.8661100244370239,1.3738234499380033
2024-03-07,True,69783.44130494005,303.6592439484323,0.39073689091025016,0.4417273075273125,0.8031963753142052,0.8027311060968348
2024-03-08,True,172485.6356366665,773.4534276241346,0.38882070896712595,0.5684843342459349,0.8378017480971719,1.0852488490399568
2024-03-09,True,100794.08892217638,762.3731009553771,0.24223870637963146,0.46693131573334967,0.8622119452174777,1.0120755233177032
2024-03-10,True,189589.43991207093,1043.457176476023,0.44643970264172517,0.5303956760911894,1.0193028155374884,0.9707994551442211
2024-03-11,True,147775.1448967341,460.62532192819015,0.3676439234753892,0.29002274906606473,0.8350313106321948,0.979138016878104
2024-03-12,True,148126.73704452088,371.7043316410893,0.367127965421315,0.3134649954889983,1.0073065328770048,1.5682018736368466
2024-03-13,True,103100.61212095118,780.0759448526163,0.19977549988029128,0.5106694859713936,0.7810013591164091,1.389340912809176
2024-03-14,True,79269.49655802098,963.6781704807776,0.44515244670071297,0.5374080577141694,0.9676609952251144,1.1715701606016908
2024-03-15,True,113918.6762243873,687.6356177898164,0.5090439757874505,0.299863968642293,0.7713405746908936,1.3291449955774042
2024-03-16,True,92408.64739671488,814.7244126858756,0.3347020244524577,0.5752865693051914,0.9723799284011928,1.298834239080595
2024-03-17,True,109119.66855427036,1139.0044358033776,0.29169710558758455,0.2969871518618664,1.0150709923012136,1.3261517905551115
2024-03-18,True,74403.23171897132,834.6310527325234,0.45100336578803624,0.2880737825723487,0.935103899568806,1.387354804510459
2024-03-19,True,81675.74351907054,1014.2328156530119,0.3052365121365898,0.4182150016655115,0.8863284734188769,1.1827343428800827
2024-03-20,True,119972.29694670677,334.1970654431866,0.33232212287949797,0.3488150006504422,0.8294200237842866,1.2126079559862184
2024-03-21,True,84979.44471864375,739.9614370499404,0.2673143718354287,0.42036594597071014,1.0554315377269468,1.2492325422866006
2024-03-22,True,203512.68440664886,486.0776260537122,0.38274033755621384,0.5216585182576798,0.8886918418445936,1.2356519058576634
2024-03-23,True,130762.59497412742,794.3883007396391,0.25372883069846175,0.4606245907388361,0.8662404358004003,1.0795074199475807
2024-03-24,True,109533.7402243919,295.6554872146272,0.3055474716817071,0.46562343728546207,0.8326023131845627,0.994889824671715
2024-03-25,True,150087.39460096034,623.1976994809307,0.2377805507798486,0.40962608844624965,1.0432701120067858,1.3112621215827076
2024-03-26,True,159485.08338438795,948.3587519421689,0.35432533085885687,0.48247726682995756,0.9967921886915557,1.126875882223845
2024-03-27,True,131454.3227581001,749.1852762826331,0.39001227156324886,0.546728786398408,0.7919962063386912,1.541707281964272
2024-03-28,True,155771.92388641593,438.08845740871334,0.3740597616000986,0.5168042483950691,0.8277093358989257,1.3015966464738546
2024-03-29,True,174324.8302230966,350.5297366578024,0.3290000554643415,0.3861454482865128,0.9597955276055355,0.8928058039997828
2024-03-30,True,79878.63298675687,282.642289587261,0.4104274272555104,0.37082557084319706,0.8257394624509193,1.3868936343089113
2024-03-31,True,119385.9440720904,277.7901969253315,0.41026947054830964,0.5785682353693028,0.9603854188293015,1.3790392101263262
2024-04-01,True,67830.38899238937,988.2395059195469,0.2515111502772383,0.421787616178963,0.9222996817831253,1.322647577880287
2024-04-02,True,76220.4977737024,312.2230203190485,0.23247418401987732,0.33001790190262087,0.9861949287319945,1.113352143762956
2024-04-03,True,114993.6417902187,1058.7546671770906,0.3306163600838637,0.44125042661794917,0.8655254032893093,1.3507046981999042
2024-04-04,True,134723.4651351548,612.4280815930571,0.43600783945121735,0.575601445905382,0.8095269050038831,1.0659384314909202
2024-04-05,True,116560.81146358767,301.28190626683073,0.3710835460223222,0.3838635868183937,0.8222219666240068,1.4522407486982247
2024-04-06,True,176223.43275586725,880.4074548002329,0.39673610312046736,0.5375001786786758,0.9993818270118212,1.4532269776041276
2024-04-07,True,202532.8978522617,724.3129495895777,0.2534944466403562,0.5134839539469213,0.933116358944972,0.8498357431645548
2024-04-08,True,143871.664151146,473.5900398529677,0.36160318337426994,0.43011971847938124,0.7950720144846488,1.0139310513883348
2024-04-09,True,105204.84634821616,490.2509791642609,0.29583047583672223,0.32804035258272474,1.0275206749126997,1.107730257107327
2024-04-10,True,139891.50536853346,425.65197428820863,0.28718172259838204,0.5655898473477776,0.8432503910319964,0.8859893778362081
2024-04-11,True,92772.54737833238,689.2099688563252,0.42267671272464463,0.5342728685371548,1.0163736854297862,1.5705726367867925
2024-04-12,True,155960.22313467608,737.7556357697673,0.44654993820687755,0.4183436505430394,0.8588404259884463,0.9075349963531215
2024-04-13,True,158312.13438855563,855.420514928272,0.3489469301238821,0.5537157917377685,1.0111551277780364,1.0742123592291828
2024-04-14,True,82430.51443456399,951.6650757748391,0.2911412258349661,0.5060225761047324,0.7852399247315849,1.2720591682257372
2024-04-15,True,152416.07210239038,964.7145523515431,0.28760417655927467,0.4258701481842756,0.9219096056052796,1.0275237770532921
2024-04-16,True,111458.28694100014,899.2207678018643,0.35814967739549913,0.5732432411896656,0.8496462682476098,1.4758770855666552
2024-04-17,True,124811.390804878,464.6901635193525,0.3882319662543845,0.34659215350605893,0.8977967978173974,1.5979342502246598
2024-04-18,True,132212.28169878072,1148.4910562295008,0.3840862019275981,0.3510546151424141,0.7710206387107514,1.0625319211284625
2024-04-19,True,129938.4313450925,705.3085279781897,0.19034958892417986,0.4245410333782803,0.9152912223674514,1.1707680517081656
2024-04-20,True,145250.75226741808,604.1375313811138,0.2847934852085414,0.45901200928928415,0.927707685478242,1.2952262794403466
2024-04-21,True,134582.28986677565,597.9294207857203,0.34371872233608713,0.48074035550162736,0.9869406986792798,1.2740474871730876
2024-04-22,True,175227.78079285292,320.85386094858234,0.2875080166296656,0.37480080468390053,0.8519428940955757,0.8752753710018183
2024-04-23,True,126947.43400888181,584.830592015818,0.18845164740531184,0.3159143609887729,0.9031484324044697,1.345425252319151
2024-04-24,True,111809.07118432327,417.1476461624853,0.450891340876745,0.32306787693831046,0.9319204499313937,0.8805253233582905
2024-04-25,True,174834.47129701579,583.8142609252238,0.3636791335796297,0.42465318536045943,1.007137499968808,1.3834217849456127
2024-04-26,True,165430.73230906588,835.0159361928849,0.3869680845946115,0.33977921562261126,1.0020791919170127,0.8340732472135287
2024-04-27,True,144464.6156952406,1036.9144174532503,0.3233797787760643,0.30128084797149557,1.0085718471809357,1.1439517646066624
2024-04-28,True,134247.07871321277,888.4552007660685,0.4731181560024479,0.3646826844655097,0.9163372587501981,0.8718734992591869
2024-04-29,True,205805.36370134866,726.6306800507512,0.3191684913698174,0.42679930281002637,0.8181518663555232,0.9115855014986844
2024-04-30,True,149791.65437966769,941.3567379170083,0.2183226622584098,0.3005034642617339,1.0559759977832912,1.4573283958048362
2024-05-01,True,96611.06406307284,586.1743319996285,0.4029450218352731,0.5663089214950796,1.0436970323118047,0.8148434636646122
2024-05-02,True,128110.22379873664,742.8725062468957,0.3070086548338722,0.2943722844711589,0.8861159236442172,1.0836320366539716
2024-05-03,True,208786.94489083538,418.8588961420425,0.2962904581165299,0.39525675509828806,0.9700822404905117,0.836091663232457
2024-05-04,True,188103.4756084941,358.9112252282257,0.31715420653571674,0.4119054604027928,0.8270984583786908,0.9430682969869881
2024-05-05,True,132837.8698238565,587.5082807202955,0.35912379734344035,0.5489296348568987,0.8006852143669596,1.3386921682190858
2024-05-06,True,183839.45834975003,662.4656085821023,0.3674087218742329,0.41711708496780053,0.8316016678442895,1.168887661993356
2024-05-07,True,72561.45769274402,1021.6573844407735,0.2817120309016353,0.32198634051125596,1.042994101633402,1.3744766022694166
2024-05-08,True,82726.35630988584,500.556078699833,0.3267063573386398,0.28835913164065397,0.9922255416986995,1.400863095217039
2024-05-09,True,117222.55497945446,877.6193794187013,0.3973589393608204,0.3798442149664701,0.8521153883830916,1.5109592395425135
2024-05-10,True,85426.46339292832,1037.4702722943223,0.1840260138260649,0.30395626174824375,0.9952413915297142,1.5024874844071654
2024-05-11,True,85940.06682710351,971.3903813539016,0.27518897634512723,0.47183495537153586,0.9485828164496473,0.9179694281187878
2024-05-12,True,155710.49506897,956.5797962924535,0.3987369493580762,0.5259138152520711,1.0547355305680153,1.2458882148393404
2024-05-13,True,138966.6073215925,813.5970021394917,0.40959566888758187,0.4672799943940127,1.013667665072138,0.9091768243322377
2024-05-14,True,87692.88522857196,802.129429907215,0.37093750536891035,0.4140183265445828,0.8122747564848793,1.5452149062719776
2024-05-15,True,80637.80523859276,1033.1752897773276,0.37736829561164154,0.6096898471969125,0.8330093820262294,0.8259721158681574
2024-05-16,True,73378.3389604577,551.9217000713483,0.2607809893034935,0.40760760274701546,0.8207464833038354,1.2531778151520145
2024-05-17,True,197548.01874758798,950.1909443914774,0.19648616998894533,0.5495404857402407,0.9681042380925109,0.8125745782677146
2024-05-18,True,82179.1798402562,673.7358605835376,0.2547364077119416,0.4295066511976509,0.8552416542386687,1.4101334063473818
2024-05-19,True,82875.41582471048,699.7147204431872,0.41498942155839286,0.2841861913286259,0.7892556362768225,0.84185227314502
2024-05-20,True,149780.05122666952,770.0519023042207,0.2656639586708188,0.44863682940542454,1.0058875001913257,1.0582275072016176
2024-05-21,True,183726.9863485859,482.4177291997621,0.33318028691056145,0.5675939876872977,0.920458234155619,0.9370596313185102
2024-05-22,True,109546.23243329463,808.8236897544633,0.23636547258405244,0.39038054313273385,0.8182758835228827,1.3492994310547357
2024-05-23,True,83581.63164141795,811.1091560801203,0.44816296276904205,0.5462942589503109,0.7614094597429941,0.8065894876569115
2024-05-24,True,138002.2926812747,389.1099660268218,0.3412882264754733,0.6038771506386943,1.022205507511049,0.8135060273886232
2024-05-25,True,125322.16421753952,984.9772033496041,0.3762982145002046,0.34290624603008973,1.0716641821728676,1.2911499804714388
2024-05-26,True,69868.6947401037,581.6879475530174,0.4011156572000186,0.44772565532078057,0.8053463843455555,1.2875321980786545
2024-05-27,True,111614.49894177204,373.47828040413475,0.21368134254436708,0.4980506673828129,0.836969831234281,1.3853057437658998
2024-05-28,True,122975.07511047981,788.7268623987688,0.3659539080879765,0.5971194614375429,0.8668587177192826,1.584356482538474
2024-05-29,True,154387.7760953077,951.0590420213694,0.24084405863729422,0.4316197361674259,0.8242569630662895,0.9954901232763169
2024-05-30,True,108461.46751359942,706.556866714018,0.2860261425880943,0.5562288565125589,0.944409260224072,1.1153491962270747
2024-05-31,True,168546.44208587744,626.792014166306,0.3395174988356806,0.5120238385094724,1.0764669330405894,1.4940617791850315
2024-06-01,True,123313.4791273857,875.3873439518793,0.39571392828459023,0.40371192072720474,0.7939461325741063,0.9750187658551662
2024-06-02,True,97090.89514096887,895.2474318949235,0.4434681092960577,0.2904976464980587,0.8052647847699556,1.2488224773537682
2024-06-03,True,193442.13549303648,426.26152335994584,0.2305667811846919,0.3565970147005885,0.9929447704854466,1.3865665229912811
2024-06-04,True,92644.98143436357,818.7963493492786,0.25558131005263374,0.4152372896806941,0.8101588882696561,1.2070883739505665
2024-06-05,True,124585.71341544729,538.6551378339849,0.2862698588153629,0.3335118797298672,0.9886062933896292,1.071166016994343
2024-06-06,True,155326.9603189365,687.5998460482606,0.41358255486896256,0.44536003962871834,1.0198550818402923,1.3371411518612244
2024-06-07,True,85957.6267322607,753.5210974250606,0.3049140258758125,0.3767890444021352,0.8590041659058967,1.1884540772925085
2024-06-08,True,163220.4710230129,833.3992158892238,0.3460105086023902,0.3603898918590521,1.0151446594977265,1.252801821409462
2024-06-09,True,170014.6606007475,962.20687836427,0.42623262661857236,0.4240179843369565,0.9487924178497981,1.5502502281707993
2024-06-10,True,89747.20881379144,406.81194074735635,0.3772279610763908,0.4256529715211998,0.9514122125519748,1.3075699333357318
2024-06-11,True,138082.4474970736,355.73179036997516,0.3906725134025743,0.5312136560284482,0.8200606826687931,1.2356159136956313
2024-06-12,True,118098.73134363907,372.95820044437545,0.4433744763383314,0.4285313716585038,0.9115596417091907,1.4331868411099937
2024-06-13,True,175419.7276863708,800.574851332796,0.346391092649311,0.4255884548782645,0.9214426384603148,1.066131614891125
2024-06-14,True,84514.08161309364,733.2715371199108,0.2636971056442172,0.3893569264824708,0.8372877017969401,1.424573596574426
2024-06-15,True,135707.71865438367,816.8005983279753,0.3614915108665585,0.5536145437748783,0.9992259962027346,1.5592902948976046
2024-06-16,True,173332.03459226133,995.8479487573449,0.46720261130966806,0.28071933393354487,0.8078951132642098,0.99803403947741
2024-06-17,True,110825.32936859017,353.48572428183644,0.27973014381135297,0.34977345448100705,1.0199762059680273,1.3191218300821483
2024-06-18,True,121514.707193783,639.7796360370868,0.20462443850885612,0.2847934672183964,0.800101910146811,1.1143689168966002
2024-06-19,True,130704.5370653168,413.9309962800628,0.2947742752170855,0.4110853797902593,1.0122684873331402,0.8018657272789954
2024-06-20,True,165149.5227699302,1160.6224254431263,0.4928134818353386,0.3781998172276415,0.7609289475103675,1.269015494078783
2024-06-21,True,125433.76017003338,730.1724622547208,0.3712784941750955,0.3596951280794555,0.8622962262080575,1.3356957241005958
2024-06-22,True,169973.12257173352,600.6811298195865,0.40863314826229835,0.5919219095259219,0.8551401539436376,1.1645697734343294
2024-06-23,True,112854.52073906522,564.2528616313058,0.29994473366930385,0.53161360424911,0.8288021370667253,1.4699352565971175
2024-06-24,True,165990.88051777452,1045.923450338141,0.3821708106056888,0.32738506609891216,0.9701445649008283,0.8930531887132113
2024-06-25,True,200894.0451437729,1162.4509594207182,0.2897818460102611,0.4003759338566545,0.8747268140106252,0.8490797268836645
2024-06-26,True,120564.47568205144,435.3391809282064,0.33030999749664847,0.3385157364431334,0.8063221239361421,1.0029914851786303
2024-06-27,True,156832.9907595847,533.2022767895454,0.3533997142271031,0.5379817158823816,0.9730349705104376,0.9948506839658947
2024-06-28,True,149323.96860281006,551.4862436930309,0.3184887951086672,0.43035116026245435,0.8361249219947616,0.9828978682149332
2024-06-29,True,180925.5252788594,845.523409254289,0.25729784930396005,0.3953808622343355,0.9589746686848474,0.9994008282671286
2024-06-30,True,95849.97681833644,490.2278200057202,0.2858383296440935,0.4679220673249914,0.9222091606908736,1.2084022892566495
2024-07-01,True,114345.80136326056,789.1531536820752,0.29195503215192214,0.3551736344898115,0.9077083829468394,1.3176851908312797
2024-07-02,True,133341.15807757503,920.1444705838367,0.32287496476709004,0.363361795934896,0.844979325716532,1.0069952973753349
2024-07-03,True,162293.0791455332,943.0332998028908,0.2980637302541625,0.5067468830765629,0.7954116250423319,1.1800940886406106
2024-07-04,True,136742.48482343258,821.5890263257191,0.2560841173397431,0.3811252980161605,0.9071136197907446,0.8610056195422096
2024-07-05,True,158719.9205803338,734.0131300227198,0.19993248619102,0.4867576829524413,1.0217862008843874,1.5388288557630574
2024-07-06,True,162332.13175756135,476.56365426915113,0.4044158900756505,0.38531917269903576,0.8522576653342065,1.5481156797080056
2024-07-07,True,110543.00310653732,647.226862299706,0.32095217770129647,0.4394274245046723,0.9775316048089033,0.9241469986337374
2024-07-08,True,73524.28221165549,679.8723094526533,0.3408103438897931,0.5504944320092282,0.8175235767751757,0.9103136383036735
2024-07-09,True,119428.17394216506,622.1093941495831,0.369049194966389,0.3271666714598088,0.9568906429478232,1.338236204067206
2024-07-10,True,93536.90097130924,1059.478986145502,0.2933552700508307,0.5900972147324367,0.8119422915643479,0.9720800203069468
2024-07-11,True,136207.27877711138,466.617179838971,0.2580499535962523,0.42567168611379597,0.9192757498247845,1.452486495522292
2024-07-12,True,119396.24962203407,589.2750290006843,0.3845392440364376,0.2785129535259184,0.7729661772533999,1.310014256876372
2024-07-13,True,152279.54239444845,487.0393086661344,0.31815783411950904,0.41005483876749543,0.9273647401007,1.0664622599239226
2024-07-14,True,194534.82654472333,337.33711439974246,0.4519468976003811,0.3318209354045705,0.9109176392595475,0.8533247276195765
2024-07-15,True,115536.80825465702,423.0631940389843,0.35846345464725604,0.4187631829686812,0.9980312476192253,0.9924368199974396
2024-07-16,True,158143.1888513488,357.5136382489966,0.34001085761874356,0.5921309888521253,1.011840495617672,0.8506588323607028
2024-07-17,True,107595.75228022976,351.6149721826863,0.3568440586878625,0.6089382159397709,0.8083546626288173,1.4547423429456248
2024-07-18,True,165232.02738787705,907.9754525273687,0.36920295858274305,0.3925160701172771,0.8904567724489545,1.2497143103046697
2024-07-19,True,95580.67270640566,860.1613777894661,0.46215893024750954,0.5616274350046362,0.9849594689296004,1.5127903977063406
2024-07-20,True,120081.97203112605,649.7423719091064,0.4155018523377293,0.5827120746469737,1.0132759204968642,1.5889347506049114
2024-07-21,True,106523.48435157891,383.4078017718619,0.34813516099245884,0.4530986347922483,0.8169103079267321,1.0116198046059468
2024-07-22,True,113704.03106630876,878.6945004463453,0.3063441879657987,0.4068465089308656,1.026180872656332,0.9478154933981382
2024-07-23,True,95792.50457016907,428.88247190782727,0.430246388880045,0.33020189628255003,0.8466241023381981,1.468594888577456
2024-07-24,True,194050.92935967247,525.9149416896071,0.35691867735893684,0.36169489805097593,0.7551382015206098,0.9523841099598707
2024-07-25,True,75625.98278472578,391.9998504181888,0.2919394248493406,0.29879453049628607,0.8478516068349018,0.9050622793954859
2024-07-26,True,194913.99434609228,624.4442159480212,0.36557824070471545,0.5345543731799635,0.9314046134312336,1.3417180731377982
2024-07-27,True,106373.2487435182,879.3336214205218,0.46298590748817675,0.30337645277844166,0.792666253730215,0.970521591244389
2024-07-28,True,60649.65670780269,478.85347148219006,0.3874637836673341,0.5188750357737678,0.8791543910992149,1.471665111137961
2024-07-29,True,97474.27115781716,385.44317569055977,0.281123310161486,0.31119227436346725,0.9352587639449088,1.0666415938990825
2024-07-30,True,92263.23647149996,800.8291619181267,0.5157014690808605,0.4289519148365612,0.8451678702907868,1.3887527825432584
2024-07-31,True,206410.19505334672,627.5182417371657,0.45362222512890066,0.4402638104517211,0.8786878269413892,1.1692514285648037
2024-08-01,True,180681.95148793774,361.0040259792465,0.2902768658093067,0.4250593692913761,0.9865729585113282,1.4639619871600458
2024-08-02,True,191875.2913778992,672.0792104356391,0.3611431893896892,0.3574066912315535,0.9753093289410798,1.5776483042976481
2024-08-03,True,101323.76655710694,563.8142358766752,0.39777165170338996,0.5291254571658843,0.8148784423905635,1.1646065787769087
2024-08-04,True,82680.52721568705,387.73654159292084,0.3780091694796072,0.3692995149974159,0.8689169601646496,1.2820606015768743
2024-08-05,True,137345.46233351456,626.4956700373057,0.27015196882798687,0.5853355370902865,0.8463782846912219,1.1734170077412542
2024-08-06,True,119945.30336772453,978.4009994635602,0.3303686458697713,0.42880614534533323,0.9196063393073095,0.8210094694811578
2024-08-07,True,140754.50494608114,618.744627589131,0.38732171464963044,0.4431178342509494,0.8070392966711835,1.5047520426236862
2024-08-08,True,147908.95920330263,740.180424631502,0.27766085577248006,0.5700331389573777,0.7703069079486886,1.283605653382342
2024-08-09,True,150800.934543966,797.337320550608,0.30173609820624275,0.512399994448234,0.980022686657981,1.215526836106594
2024-08-10,True,158151.2289819521,1036.659352386762,0.2532243258727237,0.45819437212721104,0.8565840418676296,0.8102553202311187
2024-08-11,True,163642.14343784866,453.0874364812654,0.37143666246099877,0.4314689706577582,0.8664450314325064,1.1584817332079151
2024-08-12,True,79207.14939625737,581.7136847330479,0.32849107066164246,0.35062369144075867,0.9980019684802046,1.096135626293432
2024-08-13,True,170952.52379048293,882.0403157230672,0.4320293017341929,0.5236574602980176,0.8051503382746694,0.9039170730203683
2024-08-14,True,203089.37434803834,539.8790374672545,0.310600222166662,0.5328309805225623,0.8364086689015926,1.4864228186712007
2024-08-15,True,103762.92324839364,1018.1472798353831,0.23184409974066925,0.48727549360065725,0.9403855371383155,1.2662732273968675
2024-08-16,True,95507.3303357988,518.11841196806,0.3534891591384914,0.4022866987022183,0.8118810589370687,1.4234858231121987
2024-08-17,True,129863.9091179878,1016.209965725777,0.3646891937472528,0.39625898047979474,1.0045223194314596,1.2681135100896341
2024-08-18,True,148111.94902652333,520.9722139484032,0.26869707190376474,0.30049104917733693,1.014975626840863,1.0150605780061734
2024-08-19,True,169719.02880648617,556.8801312182017,0.31148046379200284,0.3765369877452356,0.7881500072798591,1.1529900076234885
2024-08-20,True,181574.02238013214,905.2667780426133,0.2369777248641431,0.4691159021780042,0.9560261854396571,1.2854420412631506
2024-08-21,True,159207.52583919663,858.157495826693,0.3037984957731212,0.4976407353613549,0.9908969825076424,1.1350397357444835
2024-08-22,True,178567.32858939443,629.0120714840117,0.23911653340726044,0.516438851812063,0.8224257456528699,1.3181696342177855
2024-08-23,True,166373.4895684399,612.3085228102096,0.48233632804130533,0.3729355251517666,0.8280503062432343,1.1999360790594413
2024-08-24,True,84949.24749563761,477.62946312882985,0.3513089042550217,0.34976695184234546,0.9581889541374607,1.2075816352917346
2024-08-25,True,195938.67550796812,865.779224547093,0.4433101244095241,0.43437867842679795,0.9986506941662421,0.848068874787495
2024-08-26,True,144834.44948585122,645.4644866724615,0.38132034354345296,0.4638108721044158,1.0295346605679083,1.0747446279682165
2024-08-27,True,124702.60632593534,615.3741474902644,0.2747284576085583,0.3877462728317141,0.8622810760471487,1.5279859131644025
2024-08-28,True,127123.65673889857,646.3009178590179,0.44325925132156807,0.6036121349173991,0.9374126598596869,1.5287662216412479
2024-08-29,True,169273.86279265923,811.1282829061535,0.2659166089131188,0.47448509698613345,0.9041214713887512,0.8472330669354531
2024-08-30,True,92313.4823881528,379.21433591441047,0.3454549377800396,0.42073765337048474,0.7878651165033826,1.0758269508225116
2024-08-31,True,152187.75749636823,891.3838491806507,0.3917121984014513,0.3714417984020011,0.8791923445272302,1.2461687740660017
2024-09-01,True,122047.25249481839,671.3914550803273,0.49349911080436437,0.3365397509503113,0.7776263232349641,1.4512929664975143
2024-09-02,True,185033.75178941592,1028.505960357316,0.3774956192455556,0.371418428489923,0.9387001425631941,1.5911339359293541
2024-09-03,True,81951.65896062714,328.488920958108,0.4170950336167612,0.5311509652800435,0.88186476198082,1.5310832632572255
2024-09-04,True,126666.19080813765,1044.8242882779934,0.39161819367102024,0.36033498841859846,0.8852462241455274,1.38360017617799
2024-09-05,True,116108.35220233857,327.83222410450855,0.3979791390546871,0.5243252404284598,1.008805950177934,1.0282229492234882
2024-09-06,True,97534.01998525926,563.7105629659137,0.3832742462813685,0.5301316655077606,0.9404825597923818,1.0110312643638124
2024-09-07,True,157515.55370081877,336.11972894686073,0.30890665024154085,0.49625049792824955,0.8293816517487914,1.332131738825408
2024-09-08,True,197199.67877355657,977.3036941738213,0.3171425098994215,0.3843497543383183,0.8249045988827282,1.209079678585544
2024-09-09,True,183382.43413422734,955.1598682851961,0.21500194875941717,0.3571076120675654,0.9343595224210033,1.1254492891235996
2024-09-10,True,159059.35058872978,629.2616842524159,0.28865966668047904,0.36609818110227355,1.0491751776287868,1.2458413175981466
2024-09-11,True,147575.05784934713,418.6339355409644,0.34136741726864095,0.3553241268063442,0.8897042227197792,1.1969071344807265
2024-09-12,True,116749.55230893551,328.251057067423,0.2340196630568079,0.2896665314816161,0.8399494966114834,0.9067016887216033
2024-09-13,True,138485.0357296135,308.715116907669,0.2388235694652344,0.5929593989149787,0.7873426022694807,1.1876506372392692
2024-09-14,True,180424.18920533423,1021.4025358204607,0.5059598866867393,0.28971427088044766,0.9721429303448986,1.1903355277360084
2024-09-15,True,124716.06855353169,293.1566304180555,0.4829328584381231,0.39665393353085043,0.9517350466829595,1.102460724277457
2024-09-16,True,86319.42331575211,857.3663973619362,0.22600598806384978,0.5216030353679155,0.8749431912605885,1.0280853689613896
2024-09-17,True,133638.9637147105,1016.6173106350735,0.35579177700574766,0.6043086049252693,0.8626732330186072,1.1360528959237277
2024-09-18,True,167564.35406029047,320.8102009593723,0.39347379450960235,0.3597303965978373,0.8574357437727175,1.149928337934598
2024-09-19,True,194999.76101667513,744.1528600762649,0.34062893977280717,0.5462892021787662,0.9703671662584455,0.8227003961503242
2024-09-20,True,83130.91876294365,632.8797149787773,0.4532856350983528,0.5425051503878376,1.0462828718689072,1.3757035948424603
2024-09-21,True,179109.49568887727,906.7611449224171,0.2891951610068774,0.42195293697126374,0.8303770347076183,0.9506810979817746
2024-09-22,True,180498.02294645313,910.4338201058451,0.3062972799337799,0.5637532421217969,1.0188301427878361,0.8855176824630993
2024-09-23,True,125268.96300557737,640.4345703314842,0.3474503183333926,0.5889648860137356,1.0322821951223091,0.9140305557199382
2024-09-24,True,76263.60725706782,823.6700399745149,0.241086240271559,0.4993813786436326,1.0583569582671892,1.1437371124428184
2024-09-25,True,186842.84414157935,842.3834134752092,0.28074918616368916,0.4463530382562836,0.9742195150358479,1.4420336132655434
2024-09-26,True,140805.39601042078,387.20037146323784,0.42283363849086025,0.36493327172526413,1.0186918020214066,0.9618476925907151
2024-09-27,True,109797.85985658443,716.6029691555194,0.37488678690230565,0.5366842323638648,0.8982987657600151,1.0521372796214454
2024-09-28,True,99681.84871801797,521.3767316406336,0.30582306490269545,0.5117385744879206,0.9507261207174645,1.244204790618284
2024-09-29,True,86777.16377113451,852.1114291861533,0.46331329095938245,0.388353812220193,0.9781962910681646,0.9758380397572011
2024-09-30,True,133109.05717358127,969.9512676594711,0.36032745862864224,0.3607431213138988,0.9520620425570817,0.8255326045946103
2024-10-01,True,175145.5047264831,845.4520955300377,0.43384068608934834,0.36424423874369194,0.8734129028154416,1.3856978457228752
2024-10-02,True,157082.81143008717,585.2580201571297,0.21849867527807992,0.4146631943723838,0.8845602150098568,1.3629361723128999
2024-10-03,True,126325.55196800358,306.4969807711006,0.35064808361991334,0.4134517798415637,0.78775984243582,1.0503143179884278
2024-10-04,True,73125.86089653803,865.6978728216178,0.24945592236506564,0.5035829810934536,1.0351471210986956,1.5512331212959707
2024-10-05,True,68226.84141473699,560.4908101378461,0.31288475265098065,0.5962221971078232,0.8141773726901962,1.4531351170475943
2024-10-06,True,96423.99263270119,975.022550556721,0.4530821651668563,0.3447300406600961,0.9864300349265873,1.266721940656479
2024-10-07,True,175520.26785475397,931.42806995318,0.3542770192865211,0.5345673933754755,0.8280326615805458,1.5480540047343276
2024-10-08,True,141881.15589757715,715.1254898172688,0.32758296145857424,0.5455718608426692,0.9933171950918736,1.353238028518398
2024-10-09,True,109296.06584772079,455.74689409666377,0.4281722698110921,0.318795729881752,0.9683400396719539,0.8716732657950913
2024-10-10,True,96593.39152125582,512.1448932183011,0.4119358616395745,0.4593401905891574,0.9871541885506955,1.1025054284418023
2024-10-11,True,188805.62817607325,645.6373086676149,0.4057827564383258,0.4391980421312021,0.9451918613218658,1.0228916057675517
2024-10-12,True,194767.01128836282,596.5835698040072,0.4514635558329693,0.42646314292850784,0.827684977001524,1.2329995185498217
2024-10-13,True,90622.3371516522,388.3013358633349,0.22682051774291453,0.27524812909946095,0.9914950814739344,1.1304196019565735
2024-10-14,True,99273.00908832406,992.5342785321101,0.37464996176365245,0.5684934651792215,0.8153098455244404,1.2953854389164718
2024-10-15,True,184058.8100727705,749.3057837659584,0.35036439653330564,0.6030471258846194,0.913823442554247,0.8940969405612065
2024-10-16,True,204748.1476728276,651.0914919115354,0.3434411119699489,0.28168011148919275,0.8571110075334158,0.8109608730231427
2024-10-17,True,176302.2000939245,382.26094053901664,0.2739592886199129,0.40546411880844735,0.8651486408895644,1.2438287387823501
2024-10-18,True,111029.14735975128,678.141362408034,0.22622279615121987,0.31497084037696604,0.981404079668075,0.9820256659358201
2024-10-19,True,125651.19948521802,434.93971347003475,0.2952987651584234,0.521398924233459,0.9140973533582488,0.9146991422768549
2024-10-20,True,147958.9550594916,709.3397036224753,0.37931114181172565,0.34483380952617343,1.0518853959725536,1.4689651985815961
2024-10-21,True,144375.3178715284,346.03971471752277,0.30462836265012233,0.6196788067888421,0.8170540965299404,1.0911516336174893
2024-10-22,True,86629.87062657868,500.31778587252467,0.21503555203913566,0.3569317823451805,0.8655589182757808,1.243545902785446
2024-10-23,True,95763.8107076703,571.9682423813356,0.4405911189406242,0.6110977424573543,0.8181015423195568,1.2402644405907175
2024-10-24,True,111892.78993996563,352.7997200472566,0.3869526357579701,0.5670464922000416,1.0203498889284688,0.857125050639037
2024-10-25,True,177051.01698462822,927.9257624926609,0.31374390938496455,0.5651649674355954,0.8456716191664193,1.0574876382047447
2024-10-26,True,99510.77415900145,705.5140068896135,0.25492308249424,0.3568088637318713,0.9495888358778698,1.5249787533845418
2024-10-27,True,123873.92951694953,467.7428384056433,0.25828370427393893,0.45264537583771075,0.8423401060845938,1.0952487250049412
2024-10-28,True,120567.60128515813,523.2019377971916,0.4969887874331292,0.4774950876029445,0.9467784627820701,1.340714467478763
2024-10-29,True,142594.33585953183,526.1747043581421,0.3986774985506507,0.47643294309973655,1.0431676225625186,1.176715231757724
2024-10-30,True,207796.61186125912,347.9135925005234,0.21348193509271585,0.28325688513979913,0.900530019183579,1.5511844733762947
2024-10-31,True,93549.34644562073,816.5242753715155,0.2743500059460878,0.30549939589548347,0.8537889799979824,1.398821523862936
2024-11-01,True,87531.55265066164,887.8642337127831,0.3265484272614637,0.4409222762165188,0.9902056048175885,1.4881360171416338
2024-11-02,True,154013.44467168828,632.3268189309979,0.21487650929739222,0.5238638298474384,0.9776902618608088,1.0406212193084736
2024-11-03,True,77281.53542889454,590.1033448193851,0.3407582701986107,0.26620457565958694,0.9482870535736508,1.5734507144034189
2024-11-04,True,155981.43464422697,944.0720920488346,0.4445140134469515,0.4776653268145826,0.9002982574169806,1.193346191253258
2024-11-05,True,108139.71388703969,730.8334727548422,0.43000175013970054,0.5615313169265611,1.0166721197428357,1.5919298393336416
2024-11-06,True,178816.51856597688,741.9259692794427,0.39640636914115523,0.3863408305702833,0.8612278335788859,1.265959164295309
2024-11-07,True,153216.76019792506,892.6888532945466,0.39829261696006646,0.4029338367311337,0.8330802759914253,1.5814890927167502
2024-11-08,True,145708.41678018644,904.5867934257433,0.31025875914640083,0.5406782816321237,0.8400072284119834,1.38943074079253
2024-11-09,True,69109.19132317285,1105.4791839275138,0.4208532252009509,0.5936481042992655,0.8059558719815197,0.8938316283484435
2024-11-10,True,145617.1729656119,1138.642241045695,0.5061018765391331,0.5903812069963051,0.9956605555450806,1.0954096250690233
2024-11-11,True,124744.26871881662,665.632319775046,0.2632189958482198,0.31533906100527764,1.0514726940511256,0.9353034876757873
2024-11-12,True,172311.10374373524,1063.3043691025005,0.23184542688329596,0.47076538279132396,0.7775919200899212,1.5317467293726752
2024-11-13,True,183156.7204371979,934.3899424272541,0.22476999775531284,0.5391023862574611,0.8807274089800392,1.045887990571741
2024-11-14,True,181859.45822945243,604.064694776712,0.22753299941695257,0.48775187786731106,1.039468451160942,1.5432207896560783
2024-11-15,True,111884.80815022923,355.86082108328816,0.2564396164427463,0.54862476253973,0.844935224950938,0.988704950809836
2024-11-16,True,163379.06207597838,690.3916996919669,0.2085483552310518,0.5721275380519345,1.0362273227832046,0.9248798775329978
2024-11-17,True,84655.87396382263,643.1421947833425,0.3754082740542395,0.4023603231003627,0.928786754623302,1.4525767699043837
2024-11-18,True,85178.34675917902,603.6803969040559,0.28584723061265843,0.4137907484391256,0.800658597466107,1.3698939812473077
2024-11-19,True,95626.84326945707,683.0527986182034,0.43941503268431376,0.4951896696187733,0.9481811589194146,1.0550414140452578
2024-11-20,True,135593.7642029845,603.1760766236893,0.27105108623008467,0.492396086015812,0.9942639457411974,1.4150321366793508
2024-11-21,True,83616.95368572904,787.8876694312517,0.22841922712738197,0.44429202672107004,0.7834698725526903,1.254796665838987
2024-11-22,True,105904.78548573931,590.1806510150446,0.40350907833507255,0.5008581839873667,0.9091481319517645,1.3040594635366238
2024-11-23,True,123502.82727673167,259.68005174282143,0.2094610770966014,0.6144228088862246,0.8313336420216577,1.0146691554873644
2024-11-24,True,146851.67125167328,1009.8877484726884,0.359067485985598,0.45681690305428013,0.7684670660344979,1.581343097642402
2024-11-25,True,144510.6613462141,283.33413015347935,0.4377043080611089,0.5861469544083318,0.8355298395806746,0.8106623090323941
2024-11-26,True,88612.07202656397,909.1013278633532,0.3602726245136457,0.5323260580334166,0.8905384562036541,1.4825995428119279
2024-11-27,True,118060.3502437752,311.84593240719767,0.42868835327341465,0.4793406421745913,0.8525040702494541,1.4506718698080816
2024-11-28,True,115979.7329502278,1048.16477917474,0.285424303425105,0.5144182507600205,0.8299865000868293,1.070566138031796
2024-11-29,True,141125.58647279761,796.208918545064,0.3306223386041519,0.3636233056496928,0.7707741410978433,1.1841647173566496
2024-11-30,True,201204.09758706068,863.5497198443769,0.3917977568435011,0.31033369561385143,0.7963945766885117,1.0771743283843866
2024-12-01,True,89521.96409134837,342.77663877399095,0.4777887308213258,0.3552583514244338,1.013944001002974,0.8668946528984836
2024-12-02,True,165678.85603883953,578.4714272494145,0.2700941982091696,0.4805868631873911,0.9692449335830025,0.8116094172111717
2024-12-03,True,95640.91109199825,375.5690543493616,0.450102921314245,0.4340484944704915,0.781405370455296,1.3427526939372372
2024-12-04,True,81327.06220397918,551.2513600362151,0.27359764222136596,0.41828054743488186,0.9668976678226485,1.5796852775644206
2024-12-05,True,101005.84944684387,850.3247496251744,0.35258121877819837,0.5387511259672163,0.9597081385416442,0.8632519850797853
2024-12-06,True,120652.7126374633,684.4724955908673,0.21755374740521555,0.57854050567446,1.0133126503594085,1.1573734968343201
2024-12-07,True,67942.7373281726,402.59630145684287,0.25508971548300635,0.2930338379601881,1.0125435003501009,1.306322130605094
2024-12-08,True,111767.1500354336,289.86925561979376,0.2374642202996428,0.4441761726584491,0.8760799982134512,1.5003180818786992
2024-12-09,True,104648.41415828941,344.6199901243609,0.4303549037056609,0.45518543324776484,0.9303730603046882,1.42007084856719
2024-12-10,True,84913.91270844391,363.3922982122197,0.3242838227298801,0.45932783568438673,0.7775554469832543,1.352247348900562
2024-12-11,True,142287.17720423816,568.3898245582385,0.333371495001819,0.2970396957503071,0.8970629882164022,0.8459855787302736
2024-12-12,True,96289.38392153154,299.80111125957717,0.40866266770748755,0.5502360135203743,0.9416207838152628,1.0049373566407784
2024-12-13,True,217225.72793937917,376.88743538699913,0.3546635766644195,0.2988457752149428,0.9653890536639577,0.9575758251861108
2024-12-14,True,143367.99224854604,550.9579188234576,0.25603161401930596,0.4792658118889915,0.8274604175219517,1.0043608197035314
2024-12-15,True,74445.4198359714,368.89215388235726,0.22268779019999937,0.2814297009316342,0.9275104525144152,1.5110263521578677
2024-12-16,True,76746.19731548589,858.3095528990492,0.4422524434077147,0.4790626872495918,0.9456345737077858,1.0932120404300516
2024-12-17,True,153474.17885424083,447.3008666373449,0.33272739143458796,0.3815432891390281,1.018194808604107,0.8584611230448691
2024-12-18,True,149030.53977085167,427.1082956591867,0.22737923706073984,0.44372842692853487,0.8552823012856716,0.8058511190046844
2024-12-19,True,145646.33295194386,710.076563557704,0.28576072004040615,0.43314886628985094,0.9309057551357987,1.157840746175249
2024-12-20,True,139152.14654642966,894.1214333034304,0.2589849468925015,0.424956045173801,0.8052027513946841,0.8606294373956547
2024-12-21,True,158967.7870007035,604.7386507965979,0.46617247411304596,0.5740013503130377,0.8366909296539538,0.9101635503728578
2024-12-22,True,132283.62868220537,1036.7874531873651,0.276269381242801,0.28392084550645486,0.9398059652528422,1.0720684502245184
2024-12-23,True,118704.41543149285,1060.431686613554,0.34822960905762773,0.3134906425506053,0.8151553585349222,1.244007523390252
2024-12-24,True,181080.2456900308,642.8366504168744,0.4005933720267763,0.5535502730169818,0.8548311424667552,1.1471943034674903
2024-12-25,True,98050.00017208839,731.056941754329,0.3841865646023522,0.39251249426548546,0.9052552322496346,0.9575202442745322
2024-12-26,True,191412.94771726715,744.4772764273023,0.4012226328350987,0.39485260163824365,0.9530940110176487,1.5421883115361399
2024-12-27,True,77032.85700536433,403.90252530912915,0.2994950392578158,0.5528964840331925,0.9297938696060487,1.2971008078547823
2024-12-28,True,130416.55030507965,596.818307480013,0.29337893267607684,0.453776952068544,0.9060726157063776,1.5684649790316685
2024-12-29,True,88046.61382044437,896.4441252171962,0.2879244637586356,0.34066419527724484,0.866028439937761,1.4792582135430978
2024-12-30,True,146292.48067312108,656.1345583290534,0.46617683367213686,0.385793572241819,0.8665761225542482,0.871178414204349
2024-12-31,True,89491.41378922328,642.6491265735903,0.25585201898392174,0.33750726062860914,0.9172513283775443,1.0760538843872811
