date,total_traffic,organic_traffic,paid_traffic,total_conversions,total_revenue,avg_order_value,conversion_rate,revenue_per_visitor,mojo_integration_active
2023-01-01,927,490,437,33,3700.7106540062323,112.14274709109795,0.03559870550161812,3.9921366278384385,False
2023-01-02,987,585,402,28,4721.853553311408,168.63762690397886,0.028368794326241134,4.784046153304365,False
2023-01-03,920,414,506,37,6282.660936456003,169.8016469312433,0.04021739130434782,6.828979278756525,False
2023-01-04,843,399,444,44,6751.970753684849,153.45388076556475,0.05219454329774614,8.009455223825444,False
2023-01-05,845,388,457,38,3082.252549853578,81.1119092066731,0.04497041420118343,3.6476361536728734,False
2023-01-06,948,454,494,51,6856.339623828042,134.43803183976553,0.05379746835443038,7.2324257635316895,False
2023-01-07,1213,542,671,41,6674.326682011796,162.7884556588243,0.033800494641384994,5.502330323175429,False
2023-01-08,1189,675,514,58,7942.477705800959,136.9392707896717,0.04878048780487805,6.679964428764473,False
2023-01-09,1012,543,469,43,6937.838526480675,161.34508201117848,0.042490118577075096,6.85557166648288,False
2023-01-10,1103,549,554,24,3915.153473898231,163.13139474575962,0.021758839528558477,3.549549840342911,False
2023-01-11,882,506,376,40,3864.534802269922,96.61337005674804,0.045351473922902494,4.381558732732338,False
2023-01-12,1288,558,730,44,7687.528710388003,174.71656159972733,0.034161490683229816,5.968578191295033,False
2023-01-13,1165,645,520,69,8166.6334677656605,118.35700677921247,0.0592274678111588,7.00998580924091,False
2023-01-14,1292,581,711,57,5531.625795379256,97.04606658560097,0.04411764705882353,4.281444114070632,False
2023-01-15,1064,435,629,36,3362.094205956546,93.39150572101516,0.03383458646616541,3.1598629755230694,False
2023-01-16,1258,556,702,39,5067.600543493843,129.9384754742011,0.031001589825119236,4.028299319152499,False
2023-01-17,1287,750,537,65,11392.625017400795,175.2711541138584,0.050505050505050504,8.852078490598908,False
2023-01-18,922,397,525,20,1792.6881439440917,89.63440719720458,0.021691973969631236,1.9443472277050886,False
2023-01-19,1090,560,530,54,4698.650365446853,87.01204380457136,0.04954128440366973,4.310688408666838,False
2023-01-20,1268,553,715,68,5926.4513350002035,87.15369610294417,0.05362776025236593,4.673857519716249,False
2023-01-21,1143,583,560,58,5856.337644189522,100.97133869292279,0.05074365704286964,5.123654981793107,False
2023-01-22,1225,538,687,65,7563.43530239609,116.36054311378601,0.053061224489795916,6.174232899915176,False
2023-01-23,1042,458,584,48,7147.668440440323,148.90975917584007,0.046065259117082535,6.859566641497431,False
2023-01-24,1271,607,664,62,6962.337749174467,112.29577014797528,0.04878048780487805,5.477842446242696,False
2023-01-25,975,416,559,34,5291.894574947136,155.64395808668047,0.03487179487179487,5.42758417943296,False
2023-01-26,1369,570,799,35,5004.5961174831655,142.98846049951902,0.02556610664718773,3.655658230447893,False
2023-01-27,1049,470,579,47,8063.858355766389,171.57145437800827,0.044804575786463297,7.687186230473202,False
2023-01-28,1267,563,704,60,10167.153707015956,169.45256178359926,0.0473559589581689,8.024588561180707,False
2023-01-29,1084,541,543,42,4665.850692138166,111.0916831461468,0.03874538745387454,4.304290306400522,False
2023-01-30,1187,580,607,31,5568.819067412199,179.63932475523222,0.02611625947767481,4.691507217701937,False
2023-01-31,1491,631,860,85,7001.682270448633,82.37273259351333,0.05700871898054997,4.695963964083591,False
2023-02-01,1486,704,782,52,4194.712034731123,80.66753912944468,0.034993270524899055,2.8228210193345378,False
2023-02-02,1422,609,813,56,9891.742728713123,176.63826301273434,0.03938115330520394,6.956218515269425,False
2023-02-03,1186,607,579,41,6751.790761499291,164.67782345120222,0.03456998313659359,5.6929095796789975,False
2023-02-04,1102,610,492,59,10537.026431632903,178.59366833276107,0.05353901996370236,9.561729974258533,False
2023-02-05,1141,563,578,50,6489.934814396853,129.79869628793705,0.04382120946538125,5.6879358583670925,False
2023-02-06,1509,609,900,88,7908.913371699299,89.87401558749204,0.0583167660702452,5.241161942809343,False
2023-02-07,1245,699,546,31,5500.441491529731,177.43359650095906,0.024899598393574297,4.4180252944013905,False
2023-02-08,1249,746,503,53,6525.727019083763,123.12692488837288,0.04243394715772618,5.224761424406536,False
2023-02-09,1357,749,608,34,5809.247246723046,170.86021313891314,0.025055268975681652,4.280948597437765,False
2023-02-10,1318,710,608,50,8402.751630935916,168.05503261871831,0.03793626707132018,6.3753806001031235,False
2023-02-11,1249,645,604,73,9764.941189800968,133.76631766850642,0.05844675740592474,7.8182075178550585,False
2023-02-12,1488,712,776,41,5452.687128882824,132.99236899714205,0.027553763440860215,3.6644402747868443,False
2023-02-13,1165,599,566,46,6849.705701448252,148.90664568365764,0.039484978540772535,5.879575709397641,False
2023-02-14,1261,627,634,26,2682.378964355055,103.16842170596365,0.020618556701030927,2.1271839527002814,False
2023-02-15,1626,787,839,95,8529.644525991878,89.78573185254609,0.05842558425584256,5.245783841323418,False
2023-02-16,1172,556,616,36,5619.422634544114,156.09507318178095,0.030716723549488054,4.794729210361872,False
2023-02-17,1244,612,632,44,6235.183025328063,141.70870512109235,0.03536977491961415,5.012205004283009,False
2023-02-18,1566,875,691,80,11854.319150843958,148.17898938554947,0.05108556832694764,7.569807886873536,False
2023-02-19,1289,561,728,60,10586.32236985018,176.43870616416967,0.04654771140418929,8.212817975058325,False
2023-02-20,1539,901,638,87,11384.568305382043,130.85710695841428,0.056530214424951264,7.3973803153879425,False
2023-02-21,1685,687,998,81,7908.572353654481,97.6366957241294,0.048071216617210685,4.693514749943312,False
2023-02-22,1625,658,967,71,6167.60844088667,86.86772451953057,0.04369230769230769,3.795451348237951,False
2023-02-23,1342,801,541,56,6878.7337510279895,122.83453126835695,0.041728763040238454,5.125733048456028,False
2023-02-24,1505,878,627,86,11202.594313645155,130.26272457726924,0.05714285714285714,7.443584261558243,False
2023-02-25,1554,646,908,60,10310.09370146715,171.83489502445252,0.03861003861003861,6.634551931446043,False
2023-02-26,1343,559,784,35,5562.917265410848,158.9404932974528,0.026061057334326135,4.142157308570996,False
2023-02-27,1561,823,738,58,7826.1456027758195,134.93354487544516,0.037155669442664956,5.013546190119039,False
2023-02-28,1725,759,966,85,11854.32661085496,139.46266601005834,0.04927536231884058,6.872073397597078,False
2023-03-01,1576,853,723,82,7068.872455461754,86.20576165197261,0.05203045685279188,4.485325162095021,False
2023-03-02,1632,944,688,84,10451.334620003,124.42065023813095,0.051470588235294115,6.4040040563743865,False
2023-03-03,1262,646,616,74,7501.874942650539,101.37668841419648,0.058637083993660855,5.9444333935424245,False
2023-03-04,1761,937,824,58,7621.821357764038,131.4107130648972,0.032935831913685404,4.328121157162998,False
2023-03-05,1775,889,886,56,6657.768266286666,118.88871904083332,0.031549295774647886,3.750855361288263,False
2023-03-06,1522,712,810,82,12387.507533711674,151.06716504526432,0.05387647831800263,8.138966842123308,False
2023-03-07,1738,962,776,66,10483.390366025926,158.8392479700898,0.0379746835443038,6.031870176079359,False
2023-03-08,1798,1046,752,53,4921.476154358512,92.85804064827381,0.029477196885428252,2.737194746584267,False
2023-03-09,1306,781,525,56,7253.641900356053,129.52931964921524,0.042879019908116385,5.554090275923471,False
2023-03-10,1815,962,853,96,12748.944713980392,132.80150743729575,0.05289256198347107,7.024211963625561,False
2023-03-11,1561,732,829,56,6393.046445143875,114.16154366328348,0.03587443946188341,4.095481387023622,False
2023-03-12,1538,759,779,48,3866.077795629325,80.54328740894427,0.031209362808842653,2.5137046785626302,False
2023-03-13,1302,774,528,68,10545.377174380552,155.07907609383165,0.05222734254992319,8.09936802947815,False
2023-03-14,1773,921,852,50,6761.8909037075755,135.2378180741515,0.02820078962210942,3.8138132564622533,False
2023-03-15,1469,835,634,61,10445.281321116301,171.23412001830002,0.041524846834581346,7.1104706066142285,False
2023-03-16,1446,767,679,35,4609.5888744904605,131.702539271156,0.024204702627939143,3.187820798402808,False
2023-03-17,1393,619,774,77,9832.222125060662,127.69119642935924,0.05527638190954774,7.05830734031634,False
2023-03-18,1452,870,582,33,3440.0092867202534,104.2427056581895,0.022727272727272728,2.3691524013224887,False
2023-03-19,1601,760,841,93,10721.649762819867,115.28655658946093,0.05808869456589631,6.696845573279117,False
2023-03-20,1670,921,749,54,7875.190007650888,145.83685199353496,0.032335329341317366,4.715682639311909,False
2023-03-21,1293,528,765,38,5989.998194813194,157.63153144245246,0.029389017788089715,4.632635881526058,False
2023-03-22,1806,966,840,78,9623.111539836793,123.37322486970247,0.04318936877076412,5.328411705335987,False
2023-03-23,1476,677,799,34,4964.145876469225,146.00429048438897,0.023035230352303523,3.3632424637325373,False
2023-03-24,1665,780,885,44,7419.431761094042,168.62344911577367,0.026426426426426425,4.4561151718282535,False
2023-03-25,1298,549,749,66,7835.419734792107,118.71848083018344,0.05084745762711865,6.036532923568649,False
2023-03-26,1459,618,841,81,9100.828736105228,112.35591032228676,0.055517477724468814,6.237716748529971,False
2023-03-27,1864,836,1028,54,6117.481219148336,113.2866892434877,0.028969957081545063,3.2819105252941716,False
2023-03-28,1508,832,676,64,6902.833371713991,107.85677143303111,0.042440318302387266,4.577475710685671,False
2023-03-29,1828,1070,758,93,12470.74428261355,134.09402454423173,0.05087527352297593,6.822070176484437,False
2023-03-30,1846,1042,804,54,8857.31363569635,164.02432658696944,0.02925243770314193,4.7981113952851295,False
2023-03-31,1590,875,715,86,9565.840933232288,111.23070852595684,0.05408805031446541,6.01625215926559,False
2023-04-01,1666,677,989,95,9664.988522670285,101.73672129126615,0.05702280912364946,5.801313639057794,False
2023-04-02,1965,799,1166,91,8734.867589574229,95.98755592938713,0.04631043256997455,4.445225236424544,False
2023-04-03,1628,802,826,77,7565.770492453082,98.25675964224781,0.0472972972972973,4.647279172268478,False
2023-04-04,1623,940,683,90,15456.474720254399,171.73860800282665,0.05545286506469501,9.523397855979297,False
2023-04-05,1443,754,689,42,4555.596690397957,108.46658786661803,0.029106029106029108,3.1570316634774476,False
2023-04-06,1712,995,717,82,10558.384485462784,128.76078640808274,0.04789719626168224,6.1672806573964865,False
2023-04-07,1874,938,936,95,12060.06717735926,126.94807555115011,0.05069370330843116,6.435468077566307,False
2023-04-08,1931,920,1011,84,14464.510994819379,172.19655946213547,0.04350077679958571,7.490684098818943,False
2023-04-09,1854,763,1091,65,9459.773538407937,145.53497751396827,0.03505933117583603,5.1023589743300635,False
2023-04-10,1566,708,858,52,6452.836245443036,124.09300472005839,0.033205619412515965,4.120585086489806,False
2023-04-11,2019,1049,970,90,9517.139461838404,105.7459940204267,0.04457652303120357,4.7137887379090655,False
2023-04-12,1981,937,1044,56,5999.204218714018,107.12864676275032,0.028268551236749116,3.0283716399364047,False
2023-04-13,1926,1145,781,115,9694.004663014028,84.29569272186112,0.05970924195223261,5.033231912260658,False
2023-04-14,1404,754,650,47,3786.9727081930887,80.57388740836359,0.03347578347578348,2.697274008684536,False
2023-04-15,1958,1053,905,73,6167.565164491867,84.48719403413517,0.0372829417773238,3.14993113610412,False
2023-04-16,1460,870,590,49,7849.686049352026,160.19767447657196,0.03356164383561644,5.376497294076731,False
2023-04-17,1883,1077,806,108,15308.658370890555,141.74683676750513,0.05735528412108338,8.129930096065085,False
2023-04-18,1403,714,689,80,12785.82896314485,159.82286203931062,0.05702066999287242,9.113206673659906,False
2023-04-19,1593,879,714,60,7746.326395846529,129.10543993077547,0.03766478342749529,4.862728434304161,False
2023-04-20,1600,815,785,55,6585.379693236312,119.73417624066022,0.034375,4.115862308272695,False
2023-04-21,1764,967,797,90,7796.76416555712,86.63071295063466,0.05102040816326531,4.419934334216054,False
2023-04-22,1551,921,630,84,9606.106429218093,114.35840987164396,0.05415860735009671,6.193492217419789,False
2023-04-23,1659,832,827,92,13405.929566315795,145.71662572082386,0.055455093429776975,8.08072909362013,False
2023-04-24,1885,1031,854,46,8013.191131797649,174.19980721299237,0.02440318302387268,4.251029778141989,False
2023-04-25,1526,650,876,77,9302.792829485039,120.81549129201349,0.05045871559633028,6.096194514734626,False
2023-04-26,1599,895,704,33,5775.434246075155,175.0131589719744,0.020637898686679174,3.611903843699284,False
2023-04-27,1709,754,955,58,5203.870440039249,89.72190413860774,0.03393797542422469,3.0449797776707133,False
2023-04-28,1450,790,660,33,4950.206459065177,150.0062563353084,0.022758620689655173,3.413935489010467,False
2023-04-29,1891,1000,891,81,12578.944299734912,155.29560863870262,0.04283447911158118,6.652006504354793,False
2023-04-30,1483,848,635,42,5746.826323405063,136.82919817631102,0.028320971004720162,3.875135754150413,False
2023-05-01,1600,764,836,61,8916.332979652367,146.1693931090552,0.038125,5.572708112282729,False
2023-05-02,1625,968,657,33,4332.356578028901,131.28353266754246,0.020307692307692308,2.6660655864793235,False
2023-05-03,1757,838,919,73,8869.953688032228,121.50621490455107,0.04154809334092203,5.048351558356419,False
2023-05-04,1897,870,1027,102,12779.923402912746,125.293366695223,0.05376910911966262,6.736912705805349,False
2023-05-05,1952,1075,877,101,17929.502664644733,177.51982836281914,0.051741803278688527,9.18519603721554,False
2023-05-06,1853,857,996,70,10306.505055694728,147.23578650992468,0.037776578521316787,5.562064250240004,False
2023-05-07,2011,842,1169,63,8274.62582063544,131.34326699421334,0.0313276976628543,4.114682158446265,False
2023-05-08,1472,769,703,63,9394.887168597888,149.12519315234744,0.042798913043478264,6.382396174319218,False
2023-05-09,1501,717,784,30,2801.6257092073984,93.38752364024661,0.019986675549633577,1.8665061353813446,False
2023-05-10,1608,814,794,41,3935.1982238855476,95.98044448501335,0.025497512437810944,2.447262577043251,False
2023-05-11,1485,602,883,85,9933.661588619208,116.86660692493186,0.05723905723905724,6.689334403110578,False
2023-05-12,1774,974,800,96,7820.1233230639955,81.45961794858329,0.05411499436302142,4.408186766101463,False
2023-05-13,1475,738,737,76,7965.928002756195,104.81484214152889,0.05152542372881356,5.40062915441098,False
2023-05-14,1987,1105,882,105,18854.889781304126,179.57037886956311,0.05284348263714142,9.489124197938665,False
2023-05-15,2026,900,1126,65,9322.23881071573,143.41905862639584,0.032082922013820334,4.601302473206184,False
2023-05-16,1793,1028,765,80,11475.11374476015,143.4389218095019,0.044617958728388175,6.3999518933408535,False
2023-05-17,1748,763,985,76,13400.214744599603,176.3186150605211,0.043478260869565216,7.666026741761787,False
2023-05-18,1907,857,1050,69,8014.51552281,116.15239888130435,0.03618248557944415,4.20268249754064,False
2023-05-19,1378,765,613,64,5957.504779912399,93.08601218613123,0.04644412191582003,4.323298098630188,False
2023-05-20,1769,1000,769,56,9211.54615159348,164.49189556416928,0.03165630299604296,5.2072052863727984,False
2023-05-21,1816,769,1047,59,6796.198314830463,115.18980194627903,0.03248898678414097,3.742399953100475,False
2023-05-22,1750,719,1031,83,13504.535214383854,162.7052435467934,0.04742857142857143,7.716877265362202,False
2023-05-23,1978,809,1169,105,18200.163216242465,173.33488777373776,0.05308392315470172,9.201295862609943,False
2023-05-24,1666,947,719,42,6118.380530258387,145.67572691091397,0.025210084033613446,3.6724973170818647,False
2023-05-25,1904,866,1038,79,9180.638053046836,116.21060826641565,0.04149159663865546,4.821763683322918,False
2023-05-26,1503,635,868,79,7246.545264248969,91.72842106644265,0.05256154357950765,4.8213874013632525,False
2023-05-27,1615,896,719,70,11407.961483250372,162.97087833214817,0.043343653250773995,7.063753240402707,False
2023-05-28,1783,819,964,48,4404.912490204783,91.76901021259965,0.0269209197980931,2.470506163883782,False
2023-05-29,1386,664,722,55,7547.181976815614,137.22149048755662,0.03968253968253968,5.4452972415697065,False
2023-05-30,1563,666,897,48,5383.914575432365,112.16488698817427,0.030710172744721688,3.444603055299018,False
2023-05-31,1511,901,610,39,6762.35725467055,173.39377576078334,0.025810721376571807,4.475418434593349,False
2023-06-01,1791,1062,729,71,11090.235722167148,156.20050312911476,0.039642657733109994,6.192203083287073,True
2023-06-02,1730,992,738,100,13827.408716281509,138.27408716281508,0.057803468208092484,7.992721801318791,True
2023-06-03,2145,1252,893,69,8883.639996388476,128.74840574476053,0.032167832167832165,4.141557107873416,True
2023-06-04,2329,1320,1009,124,21551.288319271156,173.80071225218674,0.053241734650064404,9.253451403723124,True
2023-06-05,1926,1136,790,58,8315.994271533502,143.37921157816382,0.030114226375908618,4.317754035064124,True
2023-06-06,1917,897,1020,77,9858.864465343953,128.03720084862277,0.040166927490871154,5.1428609626207376,True
2023-06-07,2364,1198,1166,91,9235.4157478854,101.4880851415978,0.03849407783417936,3.9066902486824873,True
2023-06-08,1938,885,1053,64,10340.52056771984,161.5706338706225,0.033023735810113516,5.335665927616016,True
2023-06-09,2311,1219,1092,67,7767.678498468651,115.93549997714405,0.028991778450887063,3.3611763299301822,True
2023-06-10,2152,1249,903,67,8290.263930019435,123.73528253760351,0.031133828996282528,3.852353127332451,True
2023-06-11,2001,1172,829,71,12129.777816069667,170.84194107140377,0.03548225887056472,6.061857979045311,True
2023-06-12,1838,1079,759,50,7198.324397416556,143.96648794833112,0.02720348204570185,3.9163897700851775,True
2023-06-13,1694,919,775,61,9820.983006293614,160.99972141464943,0.03600944510035419,5.7975106294531376,True
2023-06-14,2197,1167,1030,107,18124.727171521936,169.38997356562558,0.0487027765134274,8.249762026182037,True
2023-06-15,1787,972,815,101,12334.560905929182,122.12436540523943,0.056519306099608285,6.902384390559139,True
2023-06-16,1615,832,783,60,6226.206327756844,103.77010546261407,0.03715170278637771,3.8552361162581077,True
2023-06-17,2308,1024,1284,98,15471.370473948684,157.87112728519065,0.04246100519930676,6.7033667564769,True
2023-06-18,1688,885,803,62,5894.363125948753,95.07037299917343,0.03672985781990521,3.491921283144996,True
2023-06-19,1982,1040,942,114,13639.568304662946,119.64533600581531,0.05751765893037336,6.881719628992404,True
2023-06-20,2028,1203,825,59,5768.552052033276,97.77206867853009,0.029092702169625246,2.844453674572621,True
2023-06-21,1764,707,1057,89,7537.762083296232,84.6939559920925,0.05045351473922902,4.273107756970653,True
2023-06-22,1565,927,638,37,5676.219361866891,153.41133410451056,0.023642172523961662,3.626977228029962,True
2023-06-23,2039,1200,839,49,5314.324819274789,108.45560855662835,0.024031387935262383,2.606338802979298,True
2023-06-24,2183,912,1271,49,5341.190013119747,109.00387781877035,0.02244617498854787,2.446720115950411,True
2023-06-25,2187,1110,1077,81,10219.573771257732,126.16757742293497,0.037037037037037035,4.67287323788648,True
2023-06-26,1653,784,869,41,6086.886664076543,148.46065034333031,0.024803387779794312,3.6823270805060755,True
2023-06-27,2129,990,1139,63,8029.806409907149,127.45724460170078,0.02959135744480977,3.771632883939478,True
2023-06-28,1937,789,1148,89,7995.093043057088,89.83250610176503,0.04594734124935467,4.127564813142534,True
2023-06-29,1538,754,784,51,7627.6897025917215,149.56254318807296,0.03315994798439532,4.959486152530378,True
2023-06-30,1900,834,1066,45,6133.833281019457,136.30740624487683,0.02368421052631579,3.228333305799714,True
2023-07-01,1889,1121,768,68,11065.797324787729,162.73231359981955,0.035997882477501325,5.858018700258194,True
2023-07-02,2176,930,1246,74,9048.895377367251,122.28236996442232,0.03400735294117647,4.158499713863627,True
2023-07-03,1571,875,696,48,8602.014881850331,179.2086433718819,0.030553787396562698,5.475502789210904,True
2023-07-04,1923,1046,877,87,11127.876211327311,127.90662311870473,0.0452418096723869,5.786727098974161,True
2023-07-05,2032,1138,894,111,17879.978412181004,161.08088659622527,0.054625984251968504,8.799201974498526,True
2023-07-06,1768,745,1023,103,8485.379558860906,82.38232581418356,0.0582579185520362,4.799422827410015,True
2023-07-07,1765,840,925,58,5236.613490475632,90.28643949095917,0.03286118980169972,2.966919824632086,True
2023-07-08,2159,868,1291,85,11875.185158130307,139.70806068388598,0.03937007874015748,5.50031734975929,True
2023-07-09,1924,963,961,105,9057.505596453719,86.26195806146399,0.05457380457380458,4.707643241400062,True
2023-07-10,1703,826,877,82,10792.421628893351,131.61489791333355,0.048150322959483266,6.3372998408064305,True
2023-07-11,1780,968,812,60,5966.161603144774,99.43602671907956,0.033707865168539325,3.3517761815420077,True
2023-07-12,2112,918,1194,63,7630.288853246519,121.11569608327807,0.029829545454545456,3.612826161575056,True
2023-07-13,1883,1096,787,60,7364.022856612163,122.73371427686939,0.03186404673393521,3.910792807547617,True
2023-07-14,1677,810,867,56,5594.005718982967,99.89295926755298,0.033392963625521764,3.335721955267124,True
2023-07-15,1649,847,802,69,5640.2501356560415,81.74275558921799,0.04184354154032747,3.4204063891182788,True
2023-07-16,1871,952,919,50,4515.880510632008,90.31761021264016,0.02672367717797969,2.413618658809197,True
2023-07-17,2060,1065,995,122,12122.79126436217,99.36714151116533,0.059223300970873784,5.88485012833115,True
2023-07-18,1694,953,741,67,6992.124473573482,104.36006676975346,0.03955135773317592,4.127582333868643,True
2023-07-19,1699,759,940,55,5455.039856814667,99.18254285117575,0.032371983519717484,3.2107356426219344,True
2023-07-20,1927,804,1123,103,8880.0165832283,86.21375323522622,0.05345096004151531,4.608207879205137,True
2023-07-21,1443,763,680,48,5832.839984093918,121.5174996686233,0.033264033264033266,4.0421621511392365,True
2023-07-22,2020,879,1141,51,8928.251484938108,175.06375460662957,0.02524752475247525,4.419926477692132,True
2023-07-23,1750,1026,724,55,5123.715979818661,93.15847236033929,0.03142857142857143,2.9278377027535205,True
2023-07-24,1418,752,666,37,3972.175849074952,107.35610402905276,0.02609308885754584,2.8012523618300085,True
2023-07-25,1388,766,622,79,10664.358288460433,134.9918770691194,0.0569164265129683,7.683255251052185,True
2023-07-26,1379,647,732,28,3927.6301432436985,140.27250511584637,0.02030456852791878,2.8481726927075406,True
2023-07-27,1696,784,912,60,5841.359109870791,97.35598516451319,0.03537735849056604,3.444197588367212,True
2023-07-28,1444,640,804,74,7432.92723222112,100.4449625975827,0.05124653739612189,5.147456532009086,True
2023-07-29,1356,593,763,63,6289.183721603111,99.82831304131922,0.046460176991150445,4.638041092627663,True
2023-07-30,1496,758,738,32,5717.007857348664,178.65649554214576,0.0213903743315508,3.821529316409535,True
2023-07-31,1637,691,946,48,5768.9713982362,120.18690412992083,0.029321930360415395,3.52411203313146,True
2023-08-01,1788,921,867,101,9093.424040212514,90.03390138824271,0.056487695749440715,5.0858076287542024,True
2023-08-02,1969,978,991,102,14876.943775998972,145.85238996077425,0.05180294565769426,7.55558343118282,True
2023-08-03,1548,763,785,34,5820.452142591666,171.18976889975488,0.021963824289405683,3.7599820042581826,True
2023-08-04,1363,641,722,49,8551.855360889584,174.52766042631802,0.0359501100513573,6.274288599332049,True
2023-08-05,1857,864,993,65,9004.698320116542,138.53382030948526,0.03500269251480883,4.849056715194692,True
2023-08-06,1665,844,821,56,9231.680758073275,164.85144210845132,0.033633633633633635,5.544553007851817,True
2023-08-07,1595,798,797,54,8441.388541131353,156.32201002095098,0.03385579937304075,5.292406608859783,True
2023-08-08,1816,935,881,107,9949.562190625296,92.98656252920837,0.05892070484581498,5.478833805410406,True
2023-08-09,1517,906,611,58,5150.230124392964,88.79707111022353,0.03823335530652604,3.3950099699360345,True
2023-08-10,1852,774,1078,47,6154.504852299614,130.9469117510556,0.025377969762419007,3.3231667669004397,True
2023-08-11,1446,677,769,50,5323.660376200962,106.47320752401923,0.034578146611341634,3.68164617994534,True
2023-08-12,1615,789,826,64,7141.551392389312,111.586740506083,0.039628482972136225,4.422013246061494,True
2023-08-13,1844,751,1093,43,3611.44482763732,83.9870890148214,0.023318872017353578,1.9584841798467028,True
2023-08-14,1683,888,795,35,6100.840786790428,174.3097367654408,0.020796197266785502,3.62497967129556,True
2023-08-15,1504,819,685,67,11918.311016306538,177.8852390493513,0.04454787234042553,7.924408920416581,True
2023-08-16,1470,617,853,80,8136.415114133252,101.70518892666566,0.05442176870748299,5.534976268117859,True
2023-08-17,1301,771,530,31,3480.88477905597,112.28660577599902,0.02382782475019216,2.6755455642244197,True
2023-08-18,1830,796,1034,91,12145.070833049094,133.46231684669334,0.04972677595628415,6.636650728442128,True
2023-08-19,1663,828,835,53,6928.4243575307455,130.7249878779386,0.03187011425135298,4.1662202991766355,True
2023-08-20,1586,785,801,87,15092.404405358093,173.47591270526544,0.05485498108448928,9.51601791006185,True
2023-08-21,1355,762,593,40,4990.861526763067,124.77153816907666,0.02952029520295203,3.68329263967754,True
2023-08-22,1495,694,801,69,6245.5589170340645,90.51534662368209,0.046153846153846156,4.177631382631481,True
2023-08-23,1430,679,751,41,5977.7117338196895,145.7978471663339,0.028671328671328673,4.180217995678104,True
2023-08-24,1637,870,767,36,3562.0227897204154,98.94507749223376,0.021991447770311544,2.175945503799887,True
2023-08-25,1794,808,986,66,5281.208547161541,80.01831132062941,0.03678929765886288,2.9438174733341924,True
2023-08-26,1276,615,661,67,7893.8444415945505,117.81857375514255,0.052507836990595615,6.186398465199491,True
2023-08-27,1639,711,928,53,4939.411115223235,93.19643613628746,0.03233679072605247,3.0136736517530416,True
2023-08-28,1546,799,747,45,6969.739640941815,154.88310313204033,0.02910737386804657,4.508240388707513,True
2023-08-29,1434,627,807,78,13583.664020670476,174.14953872654456,0.05439330543933055,9.472569052071462,True
2023-08-30,1422,777,645,75,8520.023886495112,113.6003184866015,0.052742616033755275,5.991577979251133,True
2023-08-31,1335,749,586,32,3097.0464484365643,96.78270151364264,0.02397003745318352,2.3198849801022954,True
2023-09-01,1465,732,733,39,4114.021923756712,105.48774163478748,0.026621160409556314,2.8082060913015097,True
2023-09-02,1635,657,978,88,8188.719950645769,93.05363580279283,0.05382262996941896,5.008391407122795,True
2023-09-03,1346,615,731,72,10998.088870633484,152.75123431435395,0.05349182763744428,8.170942697350286,True
2023-09-04,1725,692,1033,52,7544.546235030975,145.08742759674954,0.030144927536231884,4.373649991322305,True
2023-09-05,1738,750,988,56,6242.000073138034,111.46428702032203,0.03222094361334868,3.591484506983909,True
2023-09-06,1657,813,844,68,8514.392100065863,125.21164853038033,0.04103802051901026,5.1384382016088495,True
2023-09-07,1733,877,856,83,10513.78272090951,126.67208097481338,0.04789382573571841,6.066810571788523,True
2023-09-08,1469,833,636,79,11335.233219633023,143.4839648054813,0.053778080326752895,7.7162921849101584,True
2023-09-09,1437,697,740,48,5878.742300086204,122.47379791846258,0.033402922755741124,4.090982811472654,True
2023-09-10,1765,763,1002,40,5128.792149462604,128.2198037365651,0.0226628895184136,2.90583124615445,True
2023-09-11,1369,635,734,41,7284.658302186861,177.6745927362649,0.029948867786705625,5.321152886915165,True
2023-09-12,1304,532,772,73,11227.024327769415,153.79485380506048,0.05598159509202454,8.609681232952006,True
2023-09-13,1508,609,899,38,4918.886349103497,129.44437760798678,0.025198938992042442,3.261860974206563,True
2023-09-14,1271,636,635,44,4907.62698809188,111.53697700208818,0.03461841070023604,3.86123287812107,True
2023-09-15,1362,648,714,61,9939.546163558045,162.94337973045975,0.044787077826725405,7.297757829337772,True
2023-09-16,1578,735,843,62,5906.2523431764375,95.2621345673619,0.03929024081115336,3.7428722073361453,True
2023-09-17,1272,530,742,33,4803.560063434855,145.56242616469257,0.025943396226415096,3.776383697668911,True
2023-09-18,1443,623,820,82,14179.605830994842,172.9220223292054,0.05682605682605683,9.826476667356093,True
2023-09-19,1657,833,824,81,6723.532824038885,83.00657807455414,0.04888352444176222,4.057654088134512,True
2023-09-20,1760,789,971,58,7639.620585797727,131.71759630685736,0.03295454545454545,4.340693514657799,True
2023-09-21,1288,554,734,69,6144.973745282472,89.05759051134018,0.05357142857142857,4.770942348821795,True
2023-09-22,1577,658,919,54,8555.598163528537,158.43700302830624,0.03424223208623969,5.425236628743524,True
2023-09-23,1744,999,745,69,10333.353637564218,149.7587483704959,0.03956422018348624,5.925088094933611,True
2023-09-24,1371,777,594,32,3794.5309575483425,118.5790924233857,0.023340627279358133,2.7677103993788057,True
2023-09-25,1649,972,677,97,17189.14732980545,177.20770443098402,0.058823529411764705,10.423982613587297,True
2023-09-26,1686,962,724,61,9181.52712145352,150.5168380566151,0.036180308422301306,5.4457456236379125,True
2023-09-27,1511,813,698,83,14447.005025554558,174.0603015127055,0.05493050959629384,9.56122106257747,True
2023-09-28,1396,755,641,63,7720.8679810698095,122.5534600169811,0.04512893982808023,5.530707722829376,True
2023-09-29,1453,582,871,63,8639.91330009387,137.14148095387094,0.043358568479008944,5.946258293251114,True
2023-09-30,1626,823,803,49,6548.151910444761,133.63575327438286,0.03013530135301353,4.027153696460492,True
2023-10-01,1350,742,608,60,5725.42589613384,95.423764935564,0.044444444444444446,4.2410562193584,True
2023-10-02,1565,706,859,90,14853.210431697551,165.03567146330613,0.05750798722044728,9.490869285429746,True
2023-10-03,1308,783,525,61,9792.53255796006,160.53332062229606,0.046636085626911315,7.486645686513807,True
2023-10-04,1392,616,776,37,3398.434163197791,91.84957197831868,0.02658045977011494,2.4414038528719764,True
2023-10-05,1481,781,700,79,12258.347585288715,155.16895677580652,0.053342336259284265,8.277074669337416,True
2023-10-06,1755,877,878,59,4923.724837710648,83.45296335102793,0.03361823361823362,2.805541218068745,True
2023-10-07,1582,821,761,82,12159.714697704258,148.28920363053973,0.051833122629582805,7.686292476424941,True
2023-10-08,1843,943,900,42,6201.09372470442,147.6450886834386,0.02278893109061313,3.364673751874346,True
2023-10-09,1289,698,591,54,7642.052740974205,141.51949520322603,0.04189294026377036,5.928667758707684,True
2023-10-10,1629,665,964,47,7382.515815268429,157.07480458017935,0.028852056476365868,4.531931132761467,True
2023-10-11,1257,655,602,54,9718.358704600298,179.96960564074627,0.04295942720763723,7.731391173110818,True
2023-10-12,1587,750,837,89,8995.147649379802,101.0690747121326,0.056080655324511654,5.668019942898426,True
2023-10-13,1659,831,828,93,10690.918591459245,114.95611388665856,0.05605786618444846,6.444194449342523,True
2023-10-14,1634,654,980,96,13153.432459605396,137.01492145422287,0.0587515299877601,8.04983626658837,True
2023-10-15,1791,1071,720,87,14774.08497349176,169.81706866082482,0.048576214405360134,8.24907033695799,True
2023-10-16,1487,716,771,60,5704.505493608379,95.07509156013965,0.04034969737726967,3.8362511725678403,True
2023-10-17,1665,886,779,36,4714.578401956771,130.96051116546585,0.021621621621621623,2.8315786197938566,True
2023-10-18,1438,742,696,74,11705.19476097932,158.17830758080163,0.05146036161335188,8.13991290749605,True
2023-10-19,1294,533,761,53,4919.776754378625,92.8259764977099,0.04095826893353941,3.801991309411611,True
2023-10-20,1879,778,1101,68,7108.786467696206,104.54097746612068,0.036189462480042574,3.7832817816371507,True
2023-10-21,1669,792,877,48,7988.133292850876,166.41944360105992,0.028759736369083282,4.786179324656008,True
2023-10-22,1709,766,943,55,9545.145146821427,173.5480935785714,0.03218256290228204,5.585222438163504,True
2023-10-23,1634,814,820,70,5688.401998349211,81.26288569070302,0.042839657282741736,3.4812741727963346,True
2023-10-24,1729,964,765,75,11834.871091769573,157.7982812235943,0.04337767495662233,6.844922551630754,True
2023-10-25,1565,826,739,79,11440.378350872728,144.814915833832,0.05047923322683706,7.3101459111007845,True
2023-10-26,1391,601,790,48,4613.577080511029,96.1161891773131,0.03450754852624011,3.3167340621934067,True
2023-10-27,1662,831,831,51,5473.91915685763,107.33174817367902,0.030685920577617327,3.2935734999143382,True
2023-10-28,1815,867,948,52,6255.920677311506,120.30616687137511,0.02865013774104683,3.446788251962262,True
2023-10-29,1762,1047,715,102,17543.94179392739,171.99942935222933,0.05788876276958002,9.956834162274342,True
2023-10-30,1554,827,727,79,13421.541347671,169.89292845153165,0.05083655083655084,8.636770493996783,True
2023-10-31,1826,779,1047,60,10751.480199384354,179.1913366564059,0.03285870755750274,5.887995728030862,True
2023-11-01,1542,631,911,57,5818.42933727539,102.07770767149808,0.03696498054474708,3.7733004781293062,True
2023-11-02,1546,679,867,63,8450.092392317803,134.12845067171116,0.0407503234152652,5.4657777440606745,True
2023-11-03,1714,827,887,47,7512.861192394174,159.8481104764718,0.027421236872812137,4.383232901046776,True
2023-11-04,1884,1080,804,46,4437.193557279765,96.46072950608185,0.024416135881104035,2.3551982788109154,True
2023-11-05,1758,718,1040,78,11252.096562401464,144.2576482359162,0.04436860068259386,6.400509989989456,True
2023-11-06,1518,776,742,57,7554.5643422407675,132.53621653053978,0.037549407114624504,4.976656351937264,True
2023-11-07,1450,791,659,85,8164.106611471927,96.04831307614032,0.05862068965517241,5.63041835273926,True
2023-11-08,1450,775,675,65,10750.28733667207,165.38903594880108,0.04482758620689655,7.4139912666703935,True
2023-11-09,1733,977,756,90,13064.71534273268,145.1635038081409,0.05193306405077899,7.538785541103681,True
2023-11-10,1733,926,807,76,11110.5951260238,146.1920411318921,0.04385458742065782,6.411191648022966,True
2023-11-11,1975,1042,933,113,13192.718458664833,116.7497208731401,0.05721518987341772,6.679857447425232,True
2023-11-12,1978,909,1069,42,6834.765597272633,162.73251422077698,0.021233569261880688,3.455392111866852,True
2023-11-13,1701,695,1006,79,7994.808105450492,101.20010260063914,0.04644326866549089,4.700063554056727,True
2023-11-14,1869,1076,793,41,3587.587600124201,87.50213658839515,0.021936864633493848,1.9195225254811135,True
2023-11-15,2155,1092,1063,62,7912.4206111915655,127.61968727728332,0.02877030162412993,3.671656896144578,True
2023-11-16,1682,828,854,64,8993.281000920113,140.52001563937677,0.03804994054696789,5.346778240737285,True
2023-11-17,1804,847,957,91,9065.96865884359,99.62602921806143,0.05044345898004435,5.025481518205981,True
2023-11-18,1910,789,1121,51,5904.712842983955,115.77868319576382,0.026701570680628273,3.0914726926617564,True
2023-11-19,1570,662,908,86,8462.147471925467,98.39706362704032,0.05477707006369427,5.389902848360171,True
2023-11-20,1751,747,1004,79,11917.2922403311,150.85180051052026,0.04511707595659623,6.805992141822444,True
2023-11-21,1753,994,759,36,5621.280452856422,156.14667924601173,0.02053622361665716,3.206663121994536,True
2023-11-22,1884,950,934,64,8328.424189245523,130.1316279569613,0.03397027600849257,4.4206073191324435,True
2023-11-23,1873,926,947,73,7261.19314603712,99.46839926078246,0.03897490656700481,3.876771567558526,True
2023-11-24,1945,1116,829,100,17605.87642562632,176.0587642562632,0.05141388174807198,9.051864486183199,True
2023-11-25,2059,897,1162,115,19924.87642060008,173.25979496173983,0.055852355512384655,9.676967664205964,True
2023-11-26,2040,934,1106,69,9814.906917159586,142.24502778492152,0.033823529411764704,4.811228880960581,True
2023-11-27,1725,1006,719,41,6615.695300007001,161.35842195139026,0.023768115942028985,3.8351856811634786,True
2023-11-28,1607,707,900,79,8502.000102686154,107.62025446438169,0.049159925326695705,5.290603673108994,True
2023-11-29,2252,1323,929,80,11477.194038269636,143.46492547837045,0.035523978685612786,5.096444954826659,True
2023-11-30,2359,1026,1333,104,17630.68719130089,169.5258383778932,0.04408647732089869,7.4737970289533235,True
2023-12-01,1822,834,988,62,8123.573649258166,131.02538143964784,0.03402854006586169,4.458602441963867,True
2023-12-02,2170,1194,976,97,12653.003490673325,130.4433349553951,0.04470046082949309,5.830877184642086,True
2023-12-03,1909,862,1047,60,8480.886030937505,141.34810051562508,0.03143006809848088,4.442580424797017,True
2023-12-04,1916,1057,859,66,8566.206094266336,129.7910014282778,0.03444676409185804,4.470880007445896,True
2023-12-05,1973,1004,969,86,13463.697115845609,156.55461762611174,0.04358844399391789,6.823972182385002,True
2023-12-06,1945,1157,788,54,8799.79814005272,162.95922481579112,0.027763496143958868,4.524317809795743,True
2023-12-07,2073,1076,997,123,21775.382603100756,177.03563091951833,0.059334298118668596,10.504284902605285,True
2023-12-08,1962,823,1139,115,10043.987541560664,87.33902210052752,0.058613659531090725,5.119259705178727,True
2023-12-09,2290,1262,1028,81,8467.175666266858,104.53303291687479,0.03537117903930131,3.6974566228239554,True
2023-12-10,2505,1484,1021,129,16421.658811616904,127.29968071020856,0.05149700598802395,6.555552419807148,True
2023-12-11,1769,768,1001,37,3506.883294340391,94.78062957676732,0.020915771622385528,1.9824100024535845,True
2023-12-12,2613,1264,1349,70,10551.296144942058,150.73280207060083,0.026789131266743208,4.038000820873348,True
2023-12-13,1895,836,1059,45,4074.980703782397,90.55512675071994,0.023746701846965697,2.150385595663534,True
2023-12-14,2002,947,1055,114,16331.80600420842,143.26145617726684,0.056943056943056944,8.157745256847363,True
2023-12-15,2389,1190,1199,122,12752.10695329663,104.52546683030025,0.05106739221431561,5.337843011007379,True
2023-12-16,2035,1214,821,54,8292.64933449774,153.5675802684767,0.026535626535626536,4.075011957984148,True
2023-12-17,2282,1335,947,109,15098.553137795494,138.51883612656417,0.047765118317265556,6.6163685967552555,True
2023-12-18,2283,1323,960,86,14954.14002738689,173.88534915566152,0.037669732807709154,6.550214641868983,True
2023-12-19,2233,1013,1220,108,14245.79782262679,131.9055353946925,0.0483654276757725,6.37966763216605,True
2023-12-20,2229,1007,1222,103,11821.688531488915,114.77367506299917,0.0462090623598026,5.30358390824985,True
2023-12-21,2379,1237,1142,96,11972.932372380694,124.71804554563222,0.0403530895334174,5.032758458335727,True
2023-12-22,1977,1099,878,65,8214.717522508809,126.3802695770586,0.032878098128477494,4.155142904657971,True
2023-12-23,2441,1180,1261,67,5830.256796068769,87.01875815028014,0.02744776730848013,2.388470625181798,True
2023-12-24,2465,1330,1135,133,16150.9828192672,121.4359610471218,0.053955375253549695,6.5521228475729005,True
2023-12-25,2442,1219,1223,79,7964.666332637726,100.81856117262944,0.03235053235053235,3.2615341247492733,True
2023-12-26,2703,1160,1543,151,24264.619509319557,160.69284443257985,0.05586385497595264,8.97692175705496,True
2023-12-27,2727,1242,1485,55,5664.1816501474095,102.98512091177108,0.02016868353502017,2.0770743124852986,True
2023-12-28,2307,1076,1231,100,11236.84084253149,112.3684084253149,0.043346337234503686,4.870758926108145,True
2023-12-29,2524,1051,1473,110,14112.546365181099,128.2958760471009,0.043581616481774964,5.5913416660780895,True
2023-12-30,2925,1711,1214,125,11251.039999778886,90.00831999823109,0.042735042735042736,3.8465094016338073,True
2023-12-31,2335,1000,1335,87,8653.902792649058,99.47014704194319,0.037259100642398284,3.7061682195499177,True
2024-01-01,2100,1204,896,42,5531.168698752827,131.69449282744827,0.02,2.6338898565489655,True
2024-01-02,2525,1031,1494,85,11618.19681358112,136.684668395072,0.033663366336633666,4.601266064784602,True
2024-01-03,3007,1751,1256,93,12075.391950679572,129.8429242008556,0.030927835051546393,4.015760542294504,True
2024-01-04,2151,1154,997,58,7679.380860728446,132.4031182884215,0.02696420269642027,3.5701445191671066,True
2024-01-05,2873,1622,1251,97,15454.968970716496,159.32957701769584,0.03376261747302471,5.379383560987294,True
2024-01-06,3093,1512,1581,109,16811.991145183267,154.238450873241,0.035240866472680245,5.435496652176937,True
2024-01-07,2302,1116,1186,74,12321.135508972957,166.50183120233726,0.03214596003475239,5.352361211543422,True
2024-01-08,2408,1268,1140,131,21968.329016631786,167.6971680658915,0.05440199335548173,9.12306022285373,True
2024-01-09,2524,1313,1211,141,21428.510022131977,151.97524838391473,0.05586370839936609,8.489900959640245,True
2024-01-10,2893,1581,1312,102,15836.716399003428,155.26192548042576,0.03525751814725199,5.4741501552033975,True
2024-01-11,3143,1797,1346,126,10161.759492464513,80.64888486082947,0.0400890868596882,3.233140150322785,True
2024-01-12,3166,1758,1408,100,11111.127530943722,111.11127530943722,0.03158559696778269,3.509515960500228,True
2024-01-13,2193,1268,925,90,11113.441858616843,123.48268731796492,0.04103967168262654,5.067688946017713,True
2024-01-14,2962,1775,1187,110,9696.901482932039,88.15364984483672,0.03713706954760297,3.273768225162741,True
2024-01-15,2420,1166,1254,103,11242.86740551793,109.1540524807566,0.04256198347107438,4.645812977486749,True
2024-01-16,2489,1063,1426,87,8277.508174765439,95.14377212374067,0.03495379670550422,3.325636068608051,True
2024-01-17,2518,1353,1165,78,12154.198265554167,155.8230546865919,0.030976965845909452,4.826925443031837,True
2024-01-18,2420,1192,1228,49,6514.582643542728,132.95066619474954,0.02024793388429752,2.6919762989845983,True
2024-01-19,2480,1137,1343,59,4961.04208529373,84.0854590727751,0.02379032258064516,2.0004201956829557,True
2024-01-20,2842,1663,1179,143,23731.613256600464,165.9553374587445,0.05031667839549613,8.350321342927678,True
2024-01-21,2997,1262,1735,123,21078.734517762987,171.37182534766657,0.04104104104104104,7.033278117371701,True
2024-01-22,2802,1390,1412,94,14519.70329722808,154.46492869391574,0.03354746609564597,5.18190695832551,True
2024-01-23,2993,1316,1677,151,19470.89916692128,128.94635209881642,0.05045105245573004,6.5054791737124225,True
2024-01-24,2795,1500,1295,126,13296.675300680605,105.52916905302067,0.04508050089445438,4.7573077998857265,True
2024-01-25,2872,1676,1196,167,20806.735123341892,124.59122828348438,0.05814763231197772,7.244684931525729,True
2024-01-26,2765,1650,1115,132,17022.167804059627,128.95581669742143,0.047739602169981916,6.1562993866400095,True
2024-01-27,2608,1168,1440,140,18317.033213531868,130.8359515252276,0.05368098159509203,7.0234023058020965,True
2024-01-28,3096,1421,1675,109,9977.263696427972,91.53452932502726,0.03520671834625323,3.2226303929030915,True
2024-01-29,2424,1284,1140,57,6924.571412630076,121.4837089935101,0.023514851485148515,2.8566713748473913,True
2024-01-30,2797,1424,1373,82,10796.919783092884,131.66975345235224,0.02931712549159814,3.8601786854103985,True
2024-01-31,3167,1562,1605,171,22307.778781691857,130.45484667656058,0.05399431638774866,7.043820265769453,True
2024-02-01,2642,1423,1219,113,13078.300724544111,115.7371745534877,0.04277062831188493,4.95015167469497,True
2024-02-02,2748,1467,1281,101,8157.35367636076,80.7658779837699,0.03675400291120815,2.9684693145417613,True
2024-02-03,2839,1345,1494,85,14548.960760002126,171.16424423531913,0.029940119760479042,5.12467797111734,True
2024-02-04,3363,1627,1736,146,21198.42207067098,145.19467171692452,0.04341361879274457,6.303426128656253,True
2024-02-05,3323,1479,1844,149,15932.581852726616,106.93007954850079,0.04483900090279867,4.794637933411561,True
2024-02-06,3225,1359,1866,130,21653.59617390433,166.5661244146487,0.040310077519379844,6.714293387257157,True
2024-02-07,2912,1322,1590,115,15231.25184573933,132.44566822382026,0.03949175824175824,5.230512309663232,True
2024-02-08,2965,1502,1463,96,16616.273596548126,173.08618329737632,0.03237774030354131,5.604139492933601,True
2024-02-09,2633,1450,1183,96,14201.039843665068,147.92749837151112,0.03646031143182681,5.39348265995635,True
2024-02-10,3389,1561,1828,72,11751.408614608206,163.2140085362251,0.021245205075243436,3.4675150825046344,True
2024-02-11,3728,1808,1920,133,11920.910299702266,89.6309045090396,0.03567596566523605,3.1976690718085474,True
2024-02-12,3197,1531,1666,151,15993.090340507664,105.91450556627592,0.04723177979355646,5.002530603849754,True
2024-02-13,2633,1455,1178,63,7701.146509552619,122.2404207865495,0.023927079377136347,2.924856251254318,True
2024-02-14,3329,1766,1563,119,20021.94527928216,168.25164100237112,0.035746470411534996,6.014402306783467,True
2024-02-15,2797,1574,1223,95,16858.71373328365,177.46014456088054,0.033964962459778335,6.027427148117144,True
2024-02-16,3894,2051,1843,163,27927.92324914586,171.3369524487476,0.04185927067283,7.172039868809928,True
2024-02-17,3338,1627,1711,147,23746.199626762475,161.5387729711733,0.04403834631515878,7.11390042743034,True
2024-02-18,3873,1847,2026,91,7704.705029377168,84.66708823491393,0.023495997934417763,1.9893377302807045,True
2024-02-19,2860,1663,1197,90,12061.22425078436,134.0136027864929,0.03146853146853147,4.217211276498028,True
2024-02-20,2935,1226,1709,170,24359.271756091082,143.2898338593593,0.05792163543441227,8.299581518259313,True
2024-02-21,3480,1906,1574,190,19049.43010017672,100.26015842198274,0.05459770114942529,5.473974166717448,True
2024-02-22,3861,1878,1983,224,38527.249424982656,171.99664921867256,0.05801605801605802,9.978567579638087,True
2024-02-23,3874,2137,1737,127,17730.340366057484,139.60897926029514,0.032782653588022716,4.576752804867704,True
2024-02-24,3889,2059,1830,201,21733.378564845967,108.12626151664661,0.05168423759321162,5.588423390292098,True
2024-02-25,2979,1399,1580,175,19545.2899128809,111.687370930748,0.058744545149378984,6.561023804256764,True
2024-02-26,3532,1558,1974,91,16219.196513492234,178.23292871969488,0.025764439411098527,4.592071493061221,True
2024-02-27,3658,1788,1870,79,12616.001113507844,159.69621662668158,0.021596500820120285,3.448879473348235,True
2024-02-28,3438,1711,1727,72,6169.68819307423,85.69011379269764,0.020942408376963352,1.7945573569151338,True
2024-02-29,3683,1661,2022,201,28914.543770626355,143.853451595156,0.05457507466739071,7.850812861967515,True
2024-03-01,3288,1388,1900,128,21587.13691891305,168.6495071790082,0.038929440389294405,6.565430936409078,True
2024-03-02,3409,1973,1436,193,27327.030590123482,141.59083207317866,0.056614843062481664,8.016142736909206,True
2024-03-03,4006,1795,2211,162,24708.38404876021,152.52088918987783,0.040439340988517224,6.16784424582132,True
2024-03-04,3041,1608,1433,148,22451.889512778023,151.70195616741907,0.04866820124958895,7.383061332712273,True
2024-03-05,4102,2404,1698,207,29585.465954892014,142.92495630382615,0.05046318868844466,7.212449038247687,True
2024-03-06,3710,1684,2026,209,16732.97760545312,80.0620938059958,0.05633423180592992,4.5102365513350735,True
2024-03-07,4179,2368,1811,107,16265.282471982624,152.01198571946378,0.025604211533859774,3.892147038043222,True
2024-03-08,2915,1179,1736,73,9681.047525252465,132.61708938702006,0.025042881646655232,3.321114073843041,True
2024-03-09,3299,1884,1415,179,24278.010399244773,135.63134301254064,0.05425886632312822,7.359202909743793,True
2024-03-10,3596,1881,1715,82,8207.045253627404,100.08591772716346,0.022803114571746386,2.2822706489508913,True
2024-03-11,2940,1204,1736,127,20502.56525450689,161.43752168903063,0.04319727891156463,6.97366165119282,True
2024-03-12,3196,1611,1585,182,27625.261014321793,151.78714843033953,0.05694618272841051,8.643698690338484,True
2024-03-13,3760,2184,1576,163,25128.950193003195,154.16533860738156,0.043351063829787234,6.68323143430936,True
2024-03-14,3237,1460,1777,94,13450.471083930497,143.09011791415423,0.02903923385851097,4.155227396951034,True
2024-03-15,3018,1278,1740,145,21623.220041535864,149.12565545886804,0.04804506295559974,7.1647515048163894,True
2024-03-16,3873,2143,1730,174,21516.954651401004,123.66065891609772,0.044926413632842756,5.555629912574491,True
2024-03-17,3006,1273,1733,76,7687.699944030268,101.1539466319772,0.025282767797737856,2.5574517445210474,True
2024-03-18,3647,1878,1769,179,27171.47895995835,151.79597184334273,0.0490814367973677,7.450364398124033,True
2024-03-19,3421,1736,1685,132,11817.91415453023,89.52965268583507,0.03858520900321544,3.4545203608682344,True
2024-03-20,2950,1660,1290,89,15948.049518003378,179.19156761801548,0.03016949152542373,5.406118480679111,True
2024-03-21,4173,2106,2067,109,16524.999638272417,151.6055012685543,0.026120297148334533,3.9599807424568456,True
2024-03-22,3567,1854,1713,203,23193.822703114198,114.25528425179408,0.056910569105691054,6.502333250102102,True
2024-03-23,3525,1842,1683,107,15981.070334296084,149.35579751678583,0.030354609929078014,4.533636974268393,True
2024-03-24,3392,1359,2033,115,20575.46142197944,178.91705584329947,0.033903301886792456,6.065878956951486,True
2024-03-25,3113,1790,1323,122,12496.47261476628,102.4301033997236,0.039190491487311276,4.014286095331282,True
2024-03-26,3156,1403,1753,146,17439.69811368632,119.4499870800433,0.046261089987325726,5.525886601294778,True
2024-03-27,3999,1675,2324,87,11549.543182028146,132.7533699083695,0.02175543885971493,2.8881078224626524,True
2024-03-28,4073,2102,1971,101,10392.507942364813,102.89611824123577,0.024797446599558064,2.5515609973888567,True
2024-03-29,3954,1802,2152,181,27873.747984482052,153.9986076490721,0.045776428932726355,7.049506318786558,True
2024-03-30,4261,2322,1939,241,28217.864246669134,117.08657363763126,0.05655949307674255,6.622357251037112,True
2024-03-31,4243,2258,1985,114,9818.243600451486,86.12494386360953,0.02686778222955456,2.313986236260072,True
2024-04-01,4377,2315,2062,205,27300.34714874192,133.17242511581424,0.046835732236691796,6.237228044035166,True
2024-04-02,3900,1625,2275,136,12413.342800380224,91.27457941456046,0.03487179487179487,3.1829084103539036,True
2024-04-03,3936,2086,1850,186,32773.22639104022,176.200141887313,0.04725609756097561,8.326531095284608,True
2024-04-04,3098,1713,1385,78,7353.2777286246765,94.27279139262406,0.025177533892834086,2.37355640045987,True
2024-04-05,4167,2429,1738,131,13589.168708415635,103.73411227798195,0.0314374850011999,3.261139598851844,True
2024-04-06,4272,2362,1910,96,10174.759604947509,105.98707921820322,0.02247191011235955,2.3817321172629935,True
2024-04-07,3977,2051,1926,174,17740.025674269164,101.9541705417768,0.04375157153633392,4.460655185886136,True
2024-04-08,4306,2217,2089,96,11779.687241071842,122.70507542783169,0.02229447282861124,2.7356449700584866,True
2024-04-09,4222,2492,1730,144,22485.78663143856,156.1512960516567,0.03410705826622454,5.325861352780332,True
2024-04-10,3889,1874,2015,208,21499.420677452432,103.362599410829,0.05348418616610954,5.528264509501782,True
2024-04-11,3852,2030,1822,129,14918.173906181853,115.64475896265003,0.03348909657320872,3.872838501085632,True
2024-04-12,3336,1455,1881,75,12932.739238094515,172.43652317459353,0.022482014388489208,3.876720395112265,True
2024-04-13,3780,1931,1849,213,31517.739307818778,147.9706070789614,0.05634920634920635,8.33802627190973,True
2024-04-14,3156,1487,1669,156,23528.153138117552,150.8214944751125,0.049429657794676805,7.45505485998655,True
2024-04-15,4175,1888,2287,227,36526.11237593197,160.9079840349426,0.05437125748502994,8.74876943136095,True
2024-04-16,4240,1880,2360,245,25466.707906983596,103.94574655911671,0.05778301886792453,6.006299034665942,True
2024-04-17,3737,2083,1654,78,8814.141089623967,113.0018088413329,0.020872357506020872,2.3586141529633307,True
2024-04-18,4404,1969,2435,161,24337.038440155764,151.16172944196126,0.036557674841053586,5.526121353350537,True
2024-04-19,3862,2237,1625,103,12564.977125496653,121.99006917957915,0.026670119109269808,3.25348967516744,True
2024-04-20,3612,2041,1571,205,26847.15183442453,130.9617162654855,0.05675526024363234,7.4327662886003685,True
2024-04-21,3108,1464,1644,121,12182.576151956922,100.68244753683408,0.03893178893178893,3.9197477966399363,True
2024-04-22,4407,2271,2136,241,31642.47606964099,131.29658120182984,0.054685727252098935,7.1800490287363266,True
2024-04-23,4036,1787,2249,167,24370.06052852061,145.92850615880604,0.041377601585728445,6.038171587839597,True
2024-04-24,3442,1656,1786,189,26898.203624575606,142.31853769616723,0.054909936083672284,7.814701808418247,True
2024-04-25,3167,1720,1447,96,10385.03207912594,108.17741749089521,0.03031259867382381,3.2791386419721946,True
2024-04-26,3424,1672,1752,182,31827.90406178523,174.87859374607268,0.053154205607476634,9.295532728325126,True
2024-04-27,4114,1772,2342,131,15407.243637662034,117.61254685238194,0.0318424890617404,3.745076236670402,True
2024-04-28,4284,1740,2544,183,28081.249810265672,153.44945251511297,0.042717086834733894,6.554913587830455,True
2024-04-29,2984,1724,1260,153,17052.245399691114,111.45258431170663,0.051273458445040214,5.714559450298631,True
2024-04-30,3981,2206,1775,178,18302.128320523516,102.82094562091862,0.04471238382316001,4.597369585662777,True
2024-05-01,3904,2116,1788,112,15671.905436004947,139.92772710718702,0.028688524590163935,4.014320039960284,True
2024-05-02,3437,1896,1541,124,22035.355742420328,177.70448179371232,0.03607797497817864,6.411217847663756,True
2024-05-03,4105,2083,2022,156,13592.744540433567,87.1329778232921,0.03800243605359318,3.3112654178888103,True
2024-05-04,3346,1346,2000,144,17240.76693197289,119.72754813870061,0.04303646144650329,5.152650009555556,True
2024-05-05,4115,1793,2322,143,19777.96945066984,138.30747867601286,0.034750911300121506,4.8063109236135695,True
2024-05-06,3357,1746,1611,157,20027.65576270747,127.56468638667178,0.046767947572237116,5.9659385650007355,True
2024-05-07,3518,1794,1724,133,22277.56453393797,167.50048521757873,0.03780557134735645,6.332451544609997,True
2024-05-08,3356,1984,1372,101,10327.284553649502,102.25034211534161,0.030095351609058404,3.0772599981077184,True
2024-05-09,3476,1883,1593,203,18670.684313511985,91.9738143522758,0.058400460299194476,5.371313093645566,True
2024-05-10,3247,1478,1769,85,11891.247386959314,139.89702808187428,0.02617801047120419,3.662225866017651,True
2024-05-11,3591,1766,1825,155,22072.5568029709,142.4035922772316,0.04316346421609579,6.146632359501782,True
2024-05-12,4070,1653,2417,107,8588.324074519307,80.26471097681595,0.02628992628992629,2.110153335262729,True
2024-05-13,3751,1541,2210,100,14201.023074175999,142.01023074175998,0.026659557451346308,3.785929905138896,True
2024-05-14,3702,1976,1726,98,9802.082712408359,100.02125216743224,0.026472177201512695,2.647780311293452,True
2024-05-15,3526,1416,2110,164,26142.426785975764,159.405041377901,0.046511627906976744,7.414187971065163,True
2024-05-16,3292,1494,1798,188,18608.370143465123,98.98069225247406,0.05710814094775213,5.652603324260365,True
2024-05-17,3607,1682,1925,111,10263.851867819361,92.46713394431858,0.030773495980038812,2.845536974721198,True
2024-05-18,4307,2006,2301,93,11290.48282074749,121.40304108330633,0.021592755978639425,2.6214262411765707,True
2024-05-19,3112,1269,1843,104,17076.592448625855,164.19800431371016,0.033419023136246784,5.487336905085429,True
2024-05-20,4031,1774,2257,168,28259.291278093828,168.21006713151087,0.041677003225006205,7.010491510318489,True
2024-05-21,3614,1861,1753,196,18117.740920966804,92.43745367840206,0.054233536247924735,5.013209994733482,True
2024-05-22,3785,1594,2191,186,18652.91385445184,100.28448308845074,0.049141347424042275,4.92811462469005,True
2024-05-23,4062,2049,2013,207,25969.01467788688,125.45417718785933,0.05096011816838995,6.393159694211443,True
2024-05-24,3331,1878,1453,97,11497.55083977385,118.53145195643145,0.029120384268988293,3.4516814289324076,True
2024-05-25,3908,2291,1617,164,26969.973008796118,164.45105493168364,0.04196519959058342,6.901221343090102,True
2024-05-26,3323,1447,1876,96,11999.293642044868,124.99264210463404,0.02888955762864881,3.610982137238901,True
2024-05-27,4149,2289,1860,146,20024.779788385335,137.15602594784477,0.03518920221740179,4.826411132413916,True
2024-05-28,4120,2313,1807,212,36394.25950398822,171.67103539617085,0.05145631067961165,8.833558132035977,True
2024-05-29,4015,2084,1931,91,8039.548011373618,88.34668144366613,0.02266500622665006,2.0023780850245623,True
2024-05-30,2971,1368,1603,174,15834.25461376577,91.00146329750443,0.05856613934702121,5.32960438026448,True
2024-05-31,2994,1730,1264,103,17600.645955242988,170.8800578178931,0.03440213760855043,5.878639263608212,True
2024-06-01,3654,1992,1662,187,16106.968573478956,86.13352178330993,0.0511767925561029,4.408037376431023,True
2024-06-02,3916,2231,1685,165,17594.48406217266,106.63323674044037,0.042134831460674156,4.492973458164623,True
2024-06-03,4094,2125,1969,165,28470.949641035913,172.5512099456722,0.0403028822667318,6.954311099422548,True
2024-06-04,3664,1605,2059,181,18836.902747812423,104.07128589951614,0.04939956331877729,5.141076077459722,True
2024-06-05,3923,2242,1681,160,17835.562026557323,111.47226266598327,0.04078511343359674,4.546408877531818,True
2024-06-06,3706,2007,1699,91,15503.247837646857,170.36536085326216,0.02455477603885591,4.1832832805307225,True
2024-06-07,3735,2060,1675,168,24653.76220383162,146.74858454661677,0.04497991967871486,6.600739545871919,True
2024-06-08,3144,1688,1456,81,13830.88825800232,170.75170688891754,0.025763358778625955,4.399137486641959,True
2024-06-09,3084,1776,1308,164,19508.2354889234,118.95265542026465,0.05317769130998703,6.325627590442089,True
2024-06-10,2991,1540,1451,76,6707.935170661119,88.26230487711999,0.02540956201939151,2.2427065097496217,True
2024-06-11,3891,1610,2281,179,25747.616775766495,143.8414345014888,0.046003598046774605,6.617223535277948,True
2024-06-12,3992,2355,1637,96,15904.763267816637,165.67461737308997,0.02404809619238477,3.9841591352246084,True
2024-06-13,3174,1556,1618,116,17734.919411654137,152.88723630736325,0.036546943919344675,5.587561251308801,True
2024-06-14,3551,1892,1659,141,24562.045181656173,174.1989019975615,0.03970712475359054,6.916937533555667,True
2024-06-15,3777,1875,1902,126,12483.209641205374,99.07309239051884,0.03335980937251787,3.3050594760935597,True
2024-06-16,3091,1777,1314,125,10563.451498865421,84.50761199092337,0.04043998705920414,3.4174867353171856,True
2024-06-17,3162,1591,1571,136,21331.287676610373,156.84770350448804,0.043010752688172046,6.74613778513927,True
2024-06-18,2746,1343,1403,58,7634.205138123795,131.62422651937578,0.02112163146394756,2.7801184042694085,True
2024-06-19,3546,1728,1818,192,28765.880697581662,149.82229529990448,0.05414551607445008,8.112205498471987,True
2024-06-20,3866,2068,1798,168,27356.35257004442,162.8354319645501,0.04345576823590274,7.076138792044599,True
2024-06-21,3287,1503,1784,142,13294.502975863876,93.62326039340758,0.04320048676604807,4.044570421619676,True
2024-06-22,2818,1351,1467,107,18187.542146541655,169.97702940693136,0.037970191625266145,6.454060378474682,True
2024-06-23,3651,2111,1540,142,23905.24825230804,168.34681867822565,0.03889345384826075,6.547589222763089,True
2024-06-24,3490,1701,1789,85,10998.857067392155,129.3983184399077,0.024355300859598854,3.1515349763301304,True
2024-06-25,3067,1235,1832,122,21867.441769257475,179.2413259775203,0.03977828496902511,7.129912542959724,True
2024-06-26,3368,2002,1366,134,23837.8615589303,177.8944892457485,0.03978622327790974,7.077749869041063,True
2024-06-27,3135,1303,1832,101,12143.937698719503,120.23700691801488,0.03221690590111643,3.8736643377095703,True
2024-06-28,3611,1580,2031,205,23518.94405748161,114.72655637795907,0.05677097756854057,6.51313875864902,True
2024-06-29,3531,1668,1863,129,16108.319783271187,124.87069599435029,0.03653355989804588,4.561971051620274,True
2024-06-30,3545,1801,1744,176,29874.035544662085,169.73883832194366,0.04964739069111425,8.427090421625412,True
2024-07-01,3595,2025,1570,199,33931.91995176744,170.51216056164543,0.05535465924895688,9.438642545693307,True
2024-07-02,3737,1511,2226,101,14189.729599744855,140.49237227470152,0.02702702702702703,3.7970911425595006,True
2024-07-03,2602,1046,1556,139,13827.50799383571,99.47847477579647,0.05342044581091468,5.3141844711128785,True
2024-07-04,3639,2134,1505,109,17308.916860627105,158.79740239107437,0.029953283869194835,4.756503671510608,True
2024-07-05,2705,1462,1243,86,14183.302604216982,164.92212330484864,0.03179297597042514,5.243365103222544,True
2024-07-06,3714,1732,1982,197,15774.071744289808,80.07143017405994,0.053042541733979535,4.247192176707003,True
2024-07-07,2813,1314,1499,155,18030.59168640683,116.32639797681827,0.055101315321720586,6.409737535160622,True
2024-07-08,3240,1449,1791,157,20625.892529816778,131.37511165488394,0.04845679012345679,6.366016212906413,True
2024-07-09,2712,1203,1509,153,23167.232681851918,151.41982145001253,0.05641592920353982,8.542489926936549,True
2024-07-10,3198,1835,1363,191,18015.06917807132,94.31973391660377,0.059724828017510945,5.6332298868265545,True
2024-07-11,3250,1510,1740,123,20997.052968642038,170.7077477125369,0.03784615384615385,6.460631682659089,True
2024-07-12,2423,1176,1247,118,20598.12310973634,174.56036533674865,0.04869995872884853,8.501082587592382,True
2024-07-13,2529,1012,1517,77,10684.30788985654,138.7572453228122,0.03044681692368525,4.224716445178545,True
2024-07-14,3185,1796,1389,148,14367.600174306317,97.07837955612376,0.046467817896389325,4.5110204628905235,True
2024-07-15,2562,1480,1082,83,8848.86991020778,106.61289048443109,0.03239656518345043,3.453891455974934,True
2024-07-16,2403,1012,1391,95,9395.070551105215,98.89547948531805,0.03953391593841032,3.9097255726613462,True
2024-07-17,3454,1560,1894,155,24146.268998054355,155.78238063260875,0.04487550665894615,6.990813259425117,True
2024-07-18,3108,1632,1476,173,28467.396028985204,164.55142213286246,0.05566280566280566,9.159393831719822,True
2024-07-19,2503,1488,1015,114,12423.808226317407,108.98077391506497,0.045545345585297645,4.963567010114825,True
2024-07-20,3122,1610,1512,91,9839.88934973212,108.13065219485847,0.02914798206278027,3.1517903106124665,True
2024-07-21,2761,1319,1442,89,14794.297666804257,166.22806367195795,0.03223469757334299,5.358311360667967,True
2024-07-22,3157,1446,1711,118,19086.355236979485,161.7487731947414,0.03737725688945201,6.045725447253559,True
2024-07-23,2938,1260,1678,173,17836.857895556244,103.10322482980489,0.058883594281824374,6.071088460025951,True
2024-07-24,2858,1171,1687,86,15261.75632608002,177.46228286139558,0.030090972708187544,5.340012710314912,True
2024-07-25,3018,1727,1291,122,11016.434838487397,90.29864621710982,0.04042412193505633,3.65024348525096,True
2024-07-26,2380,1240,1140,129,11942.434794853547,92.57701391359339,0.05420168067226891,5.017829745736784,True
2024-07-27,3112,1569,1543,102,13704.157874870481,134.35448896931845,0.032776349614395885,4.403649702721877,True
2024-07-28,3162,1420,1742,73,11411.669536592315,156.324240227292,0.023086654016445288,3.6090036485111687,True
2024-07-29,2339,943,1396,107,12580.477948238227,117.57456026390867,0.04574604531851219,5.3785711621369074,True
2024-07-30,2499,1062,1437,76,8598.044732850605,113.13216753750797,0.03041216486594638,3.440594130792559,True
2024-07-31,2912,1632,1280,103,11255.565894751975,109.27733878399975,0.03537087912087912,3.865235540780211,True
2024-08-01,2906,1256,1650,161,16219.746373510423,100.7437662950958,0.055402615278733656,5.581468125777847,True
2024-08-02,2463,1243,1220,99,12411.220494336387,125.36586357915542,0.040194884287454324,5.0390663801609366,True
2024-08-03,2731,1185,1546,138,18098.000836703424,131.14493359930017,0.05053094104723545,6.626876908349844,True
2024-08-04,2563,1358,1205,84,13098.879088795426,155.9390367713741,0.03277409285992977,5.110760471633018,True
2024-08-05,3230,1305,1925,87,8345.635236925998,95.92684180374711,0.02693498452012384,2.5837879990482966,True
2024-08-06,2382,993,1389,101,15266.761295855065,151.15605243420856,0.04240134340890008,6.409219687596585,True
2024-08-07,2476,1328,1148,139,23858.772041994853,171.64584202873993,0.0561389337641357,9.636014556540733,True
2024-08-08,2992,1251,1741,68,7893.965868562159,116.08773336120822,0.022727272727272728,2.638357576391096,True
2024-08-09,2836,1216,1620,107,16316.257563429795,152.48838844326912,0.03772919605077574,5.753264303042946,True
2024-08-10,3088,1678,1410,95,13284.726360797245,139.83922485049732,0.03076424870466321,4.30204869196802,True
2024-08-11,2680,1527,1153,84,13600.848409386448,161.91486201650534,0.03134328358208955,5.074943436338227,True
2024-08-12,3076,1230,1846,171,29075.72866595735,170.03350097051083,0.055591677503250975,9.452447550701349,True
2024-08-13,2615,1176,1439,128,22181.313738864395,173.2915135848781,0.048948374760994263,8.48233794985254,True
2024-08-14,2129,1269,860,94,10160.440220430946,108.08978957905262,0.04415218412400188,4.7724002914189505,True
2024-08-15,2326,1231,1095,96,12068.53842872878,125.71394196592479,0.0412725709372313,5.18853758758761,True
2024-08-16,2263,1326,937,73,6013.196897901184,82.37256024522169,0.03225806451612903,2.657179362749087,True
2024-08-17,2101,856,1245,62,10070.847703875312,162.43302748185985,0.029509757258448358,4.793359211744556,True
2024-08-18,2516,1228,1288,85,15177.16786213667,178.5549160251373,0.033783783783783786,6.032260676524909,True
2024-08-19,2945,1200,1745,64,6105.78740046894,95.40292813232719,0.02173174872665535,2.073272461958893,True
2024-08-20,2584,1166,1418,65,11692.137300464155,179.87903539175625,0.025154798761609906,4.524820936712135,True
2024-08-21,2762,1480,1282,127,15698.806852544662,123.61265238224144,0.04598117306299783,5.683854761964034,True
2024-08-22,2948,1619,1329,168,20268.728254664467,120.6471919920504,0.05698778833107191,6.875416639981163,True
2024-08-23,2873,1344,1529,139,24805.692186644865,178.45821717010693,0.04838148277062304,8.634073159291635,True
2024-08-24,2880,1227,1653,130,13350.531236656332,102.69639412812563,0.04513888888888889,4.635601123839004,True
2024-08-25,2064,1182,882,79,11557.557779813365,146.29819974447298,0.03827519379844961,5.599591947583995,True
2024-08-26,2094,937,1157,104,9926.469237354882,95.44681958995079,0.049665711556829036,4.740434210771195,True
2024-08-27,2740,1383,1357,129,22038.971185481325,170.84473787194827,0.04708029197080292,8.043420140686615,True
2024-08-28,2388,1302,1086,117,15195.32115499406,129.87453978627403,0.048994974874371856,6.363199813649104,True
2024-08-29,2847,1280,1567,80,12382.226286305715,154.77782857882144,0.028099754127151388,4.349218927399267,True
2024-08-30,2426,1403,1023,75,9126.930727837245,121.6924097044966,0.030915086562242376,3.7621313799823763,True
2024-08-31,2435,1298,1137,143,17137.62680763935,119.84354410936608,0.05872689938398357,7.038039756730739,True
2024-09-01,2823,1486,1337,116,12182.808211069105,105.02420871611297,0.041091037902940136,4.315553741080094,True
2024-09-02,2894,1454,1440,173,17402.314556079404,100.5914136189561,0.059778852798894264,6.013239307560264,True
2024-09-03,2479,1165,1314,96,14603.293579403442,152.1176414521192,0.03872529245663574,5.890800153046971,True
2024-09-04,2816,1159,1657,72,9143.277045816258,126.98995896967024,0.02556818181818182,3.246902360019978,True
2024-09-05,2745,1490,1255,105,15169.92909883011,144.47551522695343,0.03825136612021858,5.52638582835341,True
2024-09-06,2695,1616,1079,99,15645.734071869067,158.03771789766733,0.036734693877551024,5.805467188077576,True
2024-09-07,2240,1177,1063,113,16985.28795696462,150.31228280499664,0.05044642857142857,7.582717837930635,True
2024-09-08,2172,1160,1012,85,12241.245133141681,144.01464862519626,0.03913443830570902,5.635932381741106,True
2024-09-09,2333,978,1355,73,12311.19016712449,168.64644064554096,0.031290184312044576,5.276978211369263,True
2024-09-10,1969,1139,830,101,8379.578396288105,82.96612273552579,0.051295073641442354,4.25575337546374,True
2024-09-11,2539,1408,1131,136,17684.007526575573,130.02946710717333,0.05356439543127216,6.964949793846228,True
2024-09-12,2102,1187,915,83,11497.825236494107,138.52801489751937,0.03948620361560418,5.4699454027089,True
2024-09-13,2092,1124,968,55,4875.525729591607,88.64592235621105,0.026290630975143402,2.330557232118359,True
2024-09-14,2436,1205,1231,63,6418.784735554907,101.88547199293502,0.02586206896551724,2.634969103265561,True
2024-09-15,2599,1441,1158,90,10919.54526680376,121.328280742264,0.03462870334744132,4.201441041478938,True
2024-09-16,2788,1235,1553,61,10799.989662499216,177.04901086064288,0.02187948350071736,3.8737409119437647,True
2024-09-17,2567,1372,1195,53,5348.915365916523,100.92293143238723,0.020646669263731984,2.0837223864107997,True
2024-09-18,2842,1659,1183,79,13015.729678378153,164.75607187820447,0.027797325826882477,4.579778211955719,True
2024-09-19,2520,1140,1380,129,12173.35913810369,94.36712510157899,0.05119047619047619,4.830698070676068,True
2024-09-20,2653,1287,1366,105,16394.787713678255,156.14083536836435,0.0395778364116095,6.179716439381174,True
2024-09-21,1998,838,1160,83,13875.96034292963,167.1802450955377,0.04154154154154154,6.944925096561376,True
2024-09-22,2406,1359,1047,128,15261.197516484233,119.22810559753307,0.05320033250207814,6.342974861381643,True
2024-09-23,2588,1155,1433,123,14396.220285010333,117.04244134154743,0.047527047913446675,5.562681717546496,True
2024-09-24,2808,1330,1478,74,7077.633012376488,95.64368935643903,0.026353276353276354,2.520524577057154,True
2024-09-25,2878,1444,1434,59,8272.724573894755,140.2156707439789,0.02050034746351633,2.874469970081569,True
2024-09-26,2796,1498,1298,74,13203.71662606062,178.42860305487324,0.026466380543633764,4.722359308319248,True
2024-09-27,2312,1126,1186,124,16772.886417786536,135.26521304666562,0.05363321799307959,7.25470865821217,True
2024-09-28,2842,1416,1426,102,9587.71414219736,93.99719747252313,0.03589021815622801,3.373579923362899,True
2024-09-29,2074,1243,831,76,12350.365326339723,162.50480692552267,0.03664416586306654,5.954853098524456,True
2024-09-30,2856,1400,1456,139,13290.819334368838,95.61740528322905,0.048669467787114847,4.653648226319621,True
2024-10-01,2825,1666,1159,107,12881.589212543216,120.38868422937585,0.037876106194690264,4.559854588510873,True
2024-10-02,2070,928,1142,95,8633.792238277756,90.88202356081848,0.04589371980676329,4.170914124771863,True
2024-10-03,2513,1006,1507,150,22985.849367510673,153.23899578340448,0.05968961400716275,9.146776509156654,True
2024-10-04,2295,1056,1239,129,13011.463844953361,100.86406081359195,0.05620915032679739,5.669483156842423,True
2024-10-05,2613,1141,1472,76,7954.88932159631,104.66959633679355,0.02908534251817834,3.044351060695105,True
2024-10-06,2829,1479,1350,85,12479.859912851685,146.8218813276669,0.030045952633439378,4.411403291923537,True
2024-10-07,2022,980,1042,83,13187.673976761347,158.8876382742331,0.0410484668644906,6.522093954877026,True
2024-10-08,2375,1145,1230,60,8655.046249702253,144.2507708283709,0.02526315789473684,3.6442299998746326,True
2024-10-09,2697,1353,1344,124,18847.75184324066,151.9979987358118,0.04597701149425287,6.9884137349798525,True
2024-10-10,2108,1152,956,47,4516.913079021072,96.10453359619302,0.022296015180265655,2.14274813995307,True
2024-10-11,2288,1039,1249,60,6841.566876463592,114.02611460772654,0.026223776223776224,2.9901953131396817,True
2024-10-12,2423,1118,1305,122,20003.9497783012,163.96680146148526,0.05035080478745357,8.255860412010401,True
2024-10-13,2970,1270,1700,85,10578.950362991933,124.45823956461098,0.02861952861952862,3.561936149155533,True
2024-10-14,2018,1137,881,60,10650.335311742883,177.50558852904805,0.02973240832507433,5.277668638128287,True
2024-10-15,2335,1126,1209,47,6584.777045236616,140.10163926035352,0.02012847965738758,2.820032995818679,True
2024-10-16,3023,1626,1397,101,13592.312416075609,134.57735065421394,0.03341051935163745,4.496299178324714,True
2024-10-17,2787,1500,1287,107,12249.155840492147,114.47809196721633,0.03839253677789738,4.395104356114872,True
2024-10-18,2077,846,1231,73,10360.053209498054,141.9185371164117,0.03514684641309581,4.987989027201759,True
2024-10-19,2984,1356,1628,131,18630.163972918348,142.21499215968205,0.04390080428954424,6.243352537841269,True
2024-10-20,2762,1342,1420,57,9047.501706125584,158.7281001074664,0.020637219406227373,3.2757066278514064,True
2024-10-21,2589,1218,1371,101,12713.006940798929,125.87135584949434,0.03901120123599845,4.910392792892595,True
2024-10-22,2835,1524,1311,94,7523.531277239656,80.03756677914528,0.033156966490299825,2.6538029196612545,True
2024-10-23,3056,1280,1776,106,17898.78478225761,168.85646020997746,0.03468586387434555,5.8569321931471245,True
2024-10-24,3120,1717,1403,111,11581.989548992276,104.3422481891196,0.035576923076923075,3.7121761374975244,True
2024-10-25,2231,913,1318,117,12631.306162237961,107.95988172852958,0.05244285073957866,5.661723963351843,True
2024-10-26,2202,1038,1164,101,12365.123963391407,122.42696993456838,0.04586739327883742,5.615405977925253,True
2024-10-27,2263,1178,1085,77,7897.994300978553,102.57135455816302,0.034025629695095004,3.4900549275203505,True
2024-10-28,2605,1310,1295,79,14212.778447521147,179.90858794330566,0.03032629558541267,5.455961016322897,True
2024-10-29,2392,1085,1307,67,5771.828386775156,86.1466923399277,0.028010033444816052,2.412971733601654,True
2024-10-30,2500,1074,1426,128,18814.70678689801,146.9898967726407,0.0512,7.525882714759203,True
2024-10-31,2323,1346,977,121,13854.090420887373,114.49661504865597,0.05208781747739991,5.963878786434512,True
2024-11-01,2581,1208,1373,123,16259.183581093033,132.18848439913035,0.047655947307245254,6.299567447149568,True
2024-11-02,2310,1227,1083,87,13648.768687276131,156.88239870432335,0.03766233766233766,5.908557873279711,True
2024-11-03,3151,1365,1786,170,30527.986330448326,179.5763901791078,0.05395112662646779,9.688348565677032,True
2024-11-04,2546,1076,1470,116,13107.981389105713,112.99983956125615,0.04556166535742341,5.148460875532487,True
2024-11-05,2550,1484,1066,65,10070.79068264461,154.93524127145554,0.025490196078431372,3.949329679468475,True
2024-11-06,3161,1517,1644,150,15525.528612800848,103.503524085339,0.047453337551407786,4.911587666181856,True
2024-11-07,2911,1740,1171,107,8630.934992918163,80.66294385904826,0.03675712813466163,2.9649381631460536,True
2024-11-08,2990,1727,1263,65,9906.434365228071,152.40668254197033,0.021739130434782608,3.3131887509123983,True
2024-11-09,3091,1534,1557,87,10899.648834189786,125.28331993321592,0.02814623099320608,3.5262532624360357,True
2024-11-10,2833,1269,1564,116,17243.745394380072,148.65297753775923,0.04094599364631133,6.086743873766351,True
2024-11-11,3361,1783,1578,148,18144.049385435334,122.59492827996847,0.044034513537637605,5.398408028989984,True
2024-11-12,2330,1243,1087,133,16288.102273737739,122.46693438900556,0.05708154506437768,6.990601834222206,True
2024-11-13,2878,1528,1350,116,18302.14881097649,157.77714492221114,0.04030576789437109,6.359328982271192,True
2024-11-14,3261,1747,1514,147,23881.98302899692,162.46246958501308,0.045078196872125116,7.3235151882848575,True
2024-11-15,2866,1178,1688,154,14454.88167886585,93.86286804458344,0.05373342637822749,5.043573509722906,True
2024-11-16,2634,1265,1369,117,17478.601252955334,149.38975429876353,0.04441913439635535,6.635763573635282,True
2024-11-17,2591,1548,1043,87,11749.002674828187,135.04600775664582,0.033577769201080666,4.534543679980002,True
2024-11-18,2442,1135,1307,107,10757.807508287706,100.54025708680099,0.04381654381654382,4.405326579970396,True
2024-11-19,2520,1318,1202,53,6190.105818209239,116.79444940017433,0.021031746031746033,2.456391197702079,True
2024-11-20,3017,1653,1364,152,25086.64102968932,165.04369098479816,0.05038117335101094,8.315094805995797,True
2024-11-21,3082,1652,1430,117,12405.04788619913,106.02605030939428,0.037962362102530824,4.024999314146376,True
2024-11-22,2442,1251,1191,80,9923.554860576769,124.04443575720961,0.03276003276003276,4.063699779105966,True
2024-11-23,3009,1508,1501,133,19755.471603016143,148.5373804738056,0.044200731139913595,6.565460818549732,True
2024-11-24,2955,1219,1736,150,21233.059253935655,141.55372835957104,0.050761421319796954,7.185468444648276,True
2024-11-25,2491,1373,1118,93,11613.096083178707,124.8720008943947,0.037334403853873946,4.66202171143264,True
2024-11-26,3668,1851,1817,120,16680.659814841205,139.00549845701005,0.03271537622682661,4.5476171796186495,True
2024-11-27,2589,1282,1307,126,19522.65778632528,154.94172846289905,0.04866743916570104,7.540617144196709,True
2024-11-28,2921,1492,1429,79,10114.006650423578,128.02540063827314,0.02704553235193427,3.4625151148317626,True
2024-11-29,3095,1541,1554,65,7887.4832517878995,121.3458961813523,0.0210016155088853,2.548459855181874,True
2024-11-30,2940,1646,1294,165,25423.871987737228,154.0840726529529,0.05612244897959184,8.647575506033071,True
2024-12-01,3166,1701,1465,78,12605.455945880161,161.60840956256618,0.024636765634870498,3.981508511017107,True
2024-12-02,3490,2082,1408,177,18765.310614615177,106.01870403737388,0.0507163323782235,5.376879832267959,True
2024-12-03,3260,1600,1660,114,14346.48751883944,125.84638174420562,0.03496932515337423,4.400763042588785,True
2024-12-04,3606,1804,1802,162,26119.929104640338,161.23413027555765,0.04492512479201331,7.243463423361159,True
2024-12-05,3534,1958,1576,117,14906.735510196626,127.40799581364638,0.03310696095076401,4.218091542217494,True
2024-12-06,3312,1887,1425,112,10450.144828124607,93.30486453682684,0.033816425120772944,3.155236965013468,True
2024-12-07,2663,1409,1254,105,13024.277336718951,124.04073654018049,0.039429215170859934,4.890828890994724,True
2024-12-08,2760,1329,1431,125,17037.674540027965,136.30139632022372,0.04528985507246377,6.173070485517378,True
2024-12-09,3675,1552,2123,151,26475.061021498677,175.33152994369985,0.04108843537414966,7.204098237142497,True
2024-12-10,3206,1295,1911,74,8097.617256410674,109.42726022176586,0.023081721771678103,2.5257695746758184,True
2024-12-11,3101,1717,1384,119,9939.054531195941,83.52146664870538,0.03837471783295711,3.205112715638807,True
2024-12-12,2917,1402,1515,164,13253.480996216207,80.81390851351345,0.05622214604045252,4.543531366546523,True
2024-12-13,2880,1668,1212,166,23893.802113649213,143.93856694969406,0.05763888888888889,8.29645906723931,True
2024-12-14,3003,1529,1474,175,18339.456912569563,104.79689664325466,0.05827505827505827,6.107045258930923,True
2024-12-15,3526,1513,2013,196,28318.38680307685,144.48156532182065,0.055587067498581964,8.031306523844824,True
2024-12-16,2854,1673,1181,100,9832.570190939421,98.32570190939421,0.0350385423966363,3.445189275031332,True
2024-12-17,3662,1629,2033,188,22253.40579207837,118.36917974509771,0.05133806663025669,6.076844836722657,True
2024-12-18,3773,1949,1824,208,31473.87119168694,151.31668842157183,0.05512854492446329,8.341868855469636,True
2024-12-19,3578,2110,1468,137,12906.65805583865,94.20918288933322,0.03828954723309111,3.6072269580320433,True
2024-12-20,4196,2139,2057,196,34302.00349750289,175.01022192603514,0.04671115347950429,8.174929336869136,True
2024-12-21,2912,1546,1366,115,12280.21990116484,106.78452087969427,0.03949175824175824,4.217108482542871,True
2024-12-22,3168,1652,1516,116,10515.409087088035,90.65007833696582,0.036616161616161616,3.3192579189040514,True
2024-12-23,3220,1756,1464,190,32574.671287381036,171.44563835463703,0.059006211180124224,10.116357542664918,True
2024-12-24,3536,1615,1921,167,18229.808288827426,109.16052867561332,0.047228506787330315,5.155488769464769,True
2024-12-25,4299,2154,2145,124,18668.748867701237,150.55442635242932,0.028843917190044196,4.342579406304079,True
2024-12-26,3178,1482,1696,172,23698.503981052996,137.781999889843,0.054122089364380115,7.457049710841094,True
2024-12-27,3935,1867,2068,160,14743.13480196036,92.14459251225225,0.04066073697585769,3.7466670398882744,True
2024-12-28,3333,1951,1382,163,21452.848818115068,131.61256943628877,0.048904890489048905,6.436498295264046,True
2024-12-29,3859,1819,2040,215,26991.854234996197,125.54350806974975,0.055713915522156,6.994520402953148,True
2024-12-30,3815,2027,1788,175,29827.24387631431,170.44139357893891,0.045871559633027525,7.818412549492611,True
2024-12-31,4313,2505,1808,167,22887.553604805853,137.05121919045422,0.038720148388592626,5.30664354389192,True
