date,sessions,users,pageviews,revenue,sessions_ma_7d,sessions_ma_30d
2023-01-01,5512,4573,12565,199008.66615359165,,
2023-01-02,4437,3398,9172,134202.41808997365,,
2023-01-03,5175,4186,11042,159347.03878809325,,
2023-01-04,4568,3558,11256,149167.88966073963,,
2023-01-05,4378,3621,10191,125258.51422871156,,
2023-01-06,4556,3661,9792,132884.67953578476,,
2023-01-07,4814,3778,10900,128231.7394156543,4777.142857142857,
2023-01-08,5859,4463,13076,173660.5191505726,4826.714285714285,
2023-01-09,3933,3039,8675,88451.6691172035,4754.714285714285,
2023-01-10,4427,3556,10093,139595.8956584752,4647.857142857143,
2023-01-11,3439,2682,6452,90311.33302618627,4486.571428571428,
2023-01-12,3719,3011,7446,99290.2560622794,4392.428571428572,
2023-01-13,3911,3117,8929,102003.31382685623,4300.285714285715,
2023-01-14,6189,4896,14623,209271.89391903707,4496.714285714285,
2023-01-15,6274,4877,13807,157412.39480564368,4556.0,
2023-01-16,2084,1574,5094,63333.08687860749,4291.857142857143,
2023-01-17,4004,3133,9830,94404.85462312552,4231.428571428572,
2023-01-18,5074,4202,12157,111645.59033308677,4465.0,
2023-01-19,4355,3389,9794,130495.85633745976,4555.857142857143,
2023-01-20,4127,3269,9099,148706.2193869297,4586.714285714285,
2023-01-21,3940,3235,9661,116950.10712538162,4265.428571428572,
2023-01-22,4439,3625,9876,208938.15035433613,4003.285714285714,
2023-01-23,3544,2792,8614,117680.53812466183,4211.857142857143,
2023-01-24,2191,1708,5139,82417.00016476767,3952.8571428571427,
2023-01-25,3627,2789,8235,96414.10279657581,3746.1428571428573,
2023-01-26,4326,3468,9529,107851.57752995299,3742.0,
2023-01-27,2543,2084,6108,58162.13740696638,3515.714285714286,
2023-01-28,5251,3959,12513,178226.39430252224,3703.0,
2023-01-29,5759,4710,13814,152102.2235172817,3891.5714285714284,
2023-01-30,3138,2439,6459,86120.91064842443,3833.5714285714284,4319.766666666666
2023-01-31,3743,2922,8021,91251.15157079362,4055.285714285714,4260.8
2023-02-01,5145,3790,11646,168467.23785618588,4272.142857142857,4284.4
2023-02-02,4600,3757,10619,131243.72854222803,4311.285714285715,4265.233333333334
2023-02-03,3695,2808,6592,121401.05615343813,4475.857142857143,4236.133333333333
2023-02-04,4917,4040,10734,155765.89898524617,4428.142857142857,4254.1
2023-02-05,4397,3530,9520,115443.07997772771,4233.571428571428,4248.8
2023-02-06,4022,3142,9766,142947.4982924416,4359.857142857143,4222.4
2023-02-07,2997,2342,6851,99661.05687537273,4253.285714285715,4127.0
2023-02-08,4016,3305,9093,130322.33600570125,4092.0,4129.766666666666
2023-02-09,4248,3428,9434,133856.12734019794,4041.714285714286,4123.8
2023-02-10,3848,3139,9034,115195.68561054624,4063.5714285714284,4137.433333333333
2023-02-11,5569,4672,12673,176658.5948703289,4156.714285714285,4199.1
2023-02-12,4843,3902,10128,149952.8225048618,4220.428571428572,4230.166666666667
2023-02-13,4394,3516,9108,145538.03399830023,4273.571428571428,4170.333333333333
2023-02-14,2844,2170,6842,100172.67072750838,4251.714285714285,4056.0
2023-02-15,3064,2510,6350,86548.46603566255,4115.714285714285,4088.6666666666665
2023-02-16,3014,2348,6300,118505.4936609688,3939.4285714285716,4055.6666666666665
2023-02-17,4315,3463,9183,122782.20844386674,4006.1428571428573,4030.366666666667
2023-02-18,4966,3864,11278,203924.96828978346,3920.0,4050.733333333333
2023-02-19,4713,3672,10964,114434.53884133704,3901.4285714285716,4070.266666666667
2023-02-20,3769,3054,7998,104947.33752568804,3812.1428571428573,4064.5666666666666
2023-02-21,3504,2695,6745,90231.73091227624,3906.4285714285716,4033.4
2023-02-22,4757,3832,11953,161344.4966896452,4148.285714285715,4073.8333333333335
2023-02-23,3418,2822,8077,94893.42384189741,4206.0,4114.733333333334
2023-02-24,3846,3099,8175,98137.89223035856,4139.0,4122.033333333334
2023-02-25,5279,4088,12728,178134.13653545192,4183.714285714285,4153.8
2023-02-26,5139,4212,11380,183838.5776332063,4244.571428571428,4240.333333333333
2023-02-27,3756,3076,8271,98439.29171407635,4242.714285714285,4190.5
2023-02-28,2832,2223,7035,76419.56968722309,4146.714285714285,4092.9333333333334
2023-03-01,3478,2896,7828,93492.54196928757,3964.0,4104.266666666666
2023-03-02,3276,2557,8320,95368.99063240361,3943.714285714286,4088.7
2023-03-03,2474,2038,5112,74671.4371658849,3747.714285714286,3999.6666666666665
2023-03-04,5287,4319,11562,164193.750025619,3748.8571428571427,4022.5666666666666
2023-03-05,4198,3290,9327,120869.12070147978,3614.4285714285716,4039.3333333333335
2023-03-06,4173,3324,8039,150702.96199038794,3674.0,4014.5333333333333
2023-03-07,3149,2494,7744,100909.34222820743,3719.285714285714,3972.9333333333334
2023-03-08,3670,3000,7977,113432.1101878978,3746.714285714286,3961.2
2023-03-09,4837,3805,11211,113309.42862150933,3969.714285714286,4022.5333333333333
2023-03-10,4206,3356,9194,131296.81013936404,4217.142857142857,4028.866666666667
2023-03-11,4738,3928,11356,159347.4030357451,4138.714285714285,4045.2
2023-03-12,5850,4926,13618,168214.62769089596,4374.714285714285,4111.933333333333
2023-03-13,4884,4092,11649,175543.91655162832,4476.285714285715,4089.1
2023-03-14,3725,3037,8199,100506.54885233384,4558.571428571428,4051.8333333333335
2023-03-15,5283,4262,10293,157829.57357418703,4789.0,4081.4666666666667
2023-03-16,4745,3747,9811,162119.306838826,4775.857142857143,4144.833333333333
2023-03-17,3776,3053,7880,90750.99569464884,4714.428571428572,4168.566666666667
2023-03-18,4720,3840,10377,146108.9842102174,4711.857142857143,4225.433333333333
2023-03-19,5831,4719,12509,164262.25348497182,4709.142857142857,4275.966666666666
2023-03-20,3749,3025,8147,119206.43299661107,4547.0,4235.4
2023-03-21,2819,2341,7002,98750.83145834618,4417.571428571428,4172.266666666666
2023-03-22,3070,2324,7210,92905.30345098107,4101.428571428572,4148.966666666666
2023-03-23,4968,3997,10412,144319.6587547882,4133.285714285715,4197.766666666666
2023-03-24,4304,3383,8352,170246.31415285805,4208.714285714285,4182.666666666667
2023-03-25,3956,3132,9470,106838.87453640217,4099.571428571428,4200.6
2023-03-26,3527,2963,6386,115312.82638783239,3770.4285714285716,4189.966666666666
2023-03-27,4493,3802,9490,171673.53848151947,3876.714285714286,4163.766666666666
2023-03-28,4698,3906,10040,135220.28692283534,4145.142857142857,4149.066666666667
2023-03-29,1993,1590,5017,79685.7763567145,3991.285714285714,4090.3
2023-03-30,4531,3691,9849,168854.182366101,3928.8571428571427,4146.933333333333
2023-03-31,4574,3853,10603,148385.0408683777,3967.4285714285716,4183.466666666666
2023-04-01,4592,3478,11792,140316.79108380753,4058.285714285714,4227.333333333333
2023-04-02,3395,2680,7622,107611.59119804316,4039.4285714285716,4258.033333333334
2023-04-03,4225,3300,9195,140250.966420941,4001.1428571428573,4222.633333333333
2023-04-04,4501,3590,10503,127364.83557433901,3973.0,4232.733333333334
2023-04-05,2616,1982,6783,73567.31166817009,4062.0,4180.833333333333
2023-04-06,3859,2997,8721,101460.09183266475,3966.0,4204.5
2023-04-07,3461,2621,7719,105497.96666095706,3807.0,4197.533333333334
2023-04-08,5582,4277,11637,168366.7269242078,3948.4285714285716,4222.366666666667
2023-04-09,4163,3184,8841,123726.52079790886,4058.1428571428573,4220.933333333333
2023-04-10,4018,3064,9846,108804.8842358058,4028.5714285714284,4196.933333333333
2023-04-11,2246,1759,4939,43480.337019438666,3706.4285714285716,4076.8
2023-04-12,4343,3353,10385,97204.6938570073,3953.1428571428573,4058.766666666667
2023-04-13,3600,2869,9490,94325.74739243764,3916.1428571428573,4054.6
2023-04-14,4443,3556,9673,141774.38688444035,4056.4285714285716,4026.6
2023-04-15,5706,4770,12734,195609.98854017796,4074.1428571428573,4058.633333333333
2023-04-16,4024,3125,9444,111102.33896037994,4054.285714285714,4066.9
2023-04-17,4454,3692,10111,131606.68074388427,4116.571428571428,4058.0333333333333
2023-04-18,3559,2886,7481,133891.61982665813,4304.142857142857,3982.3
2023-04-19,2577,2109,6209,91482.87471147235,4051.8571428571427,3943.233333333333
2023-04-20,4441,3428,10550,150512.42711646273,4172.0,3997.3
2023-04-21,3374,2653,6983,113287.48419945412,4019.285714285714,4007.4333333333334
2023-04-22,7196,5954,17145,196111.7832147479,4232.142857142857,4081.7
2023-04-23,3896,3156,9336,113110.36073207529,4213.857142857143,4068.1
2023-04-24,2872,2336,6958,93151.43505235031,3987.8571428571427,4031.9666666666667
2023-04-25,4203,3437,10263,89577.26456202728,4079.8571428571427,4054.5
2023-04-26,4044,3143,8724,150735.60295899631,4289.428571428572,4039.5333333333333
2023-04-27,5519,4566,14262,177192.71507116433,4443.428571428572,4066.9
2023-04-28,3732,3028,8342,148171.1554301215,4494.571428571428,4124.866666666667
2023-04-29,4984,3789,10506,164177.04868987732,4178.571428571428,4139.966666666666
2023-04-30,5469,4518,11104,194681.45434741423,4403.285714285715,4169.8
2023-05-01,4249,3409,9334,163180.62846763653,4600.0,4158.366666666667
2023-05-02,4004,3256,8496,140859.3804514523,4571.571428571428,4178.666666666667
2023-05-03,2668,2243,7039,104373.88697187777,4375.0,4126.766666666666
2023-05-04,3459,2773,7251,76841.57914104921,4080.714285714286,4092.0333333333333
2023-05-05,3295,2759,6920,83231.90022604799,4018.285714285714,4114.666666666667
2023-05-06,5108,4109,10885,176157.35631714517,4036.0,4156.3
2023-05-07,3105,2403,7290,74898.2879506193,3698.285714285714,4144.433333333333
2023-05-08,3907,3118,7922,119022.7020245624,3649.4285714285716,4088.6
2023-05-09,2212,1853,5097,67955.87776618097,3393.4285714285716,4023.5666666666666
2023-05-10,4300,3521,9125,86319.27882394555,3626.5714285714284,4032.9666666666667
2023-05-11,3332,2569,6974,99159.17029982028,3608.4285714285716,4069.1666666666665
2023-05-12,5535,4470,10551,159286.8831558425,3928.4285714285716,4108.9
2023-05-13,6829,5638,14713,184697.14553445257,4174.285714285715,4216.533333333334
2023-05-14,4169,3231,9106,127849.72242705914,4326.285714285715,4207.4
2023-05-15,5121,4268,11404,195459.7123347982,4499.714285714285,4187.9
2023-05-16,4387,3618,10330,112220.7050417574,4810.428571428572,4200.0
2023-05-17,4873,4095,10241,170053.8629628624,4892.285714285715,4213.966666666666
2023-05-18,3663,2866,7628,128302.31862836305,4939.571428571428,4217.433333333333
2023-05-19,3906,3102,8810,119999.40314226222,4706.857142857143,4261.733333333334
2023-05-20,5874,4787,13581,174118.5373951166,4570.428571428572,4309.5
2023-05-21,5725,4653,12077,188013.1270544037,4792.714285714285,4387.866666666667
2023-05-22,4862,3846,11022,152893.46201318287,4755.714285714285,4310.066666666667
2023-05-23,4283,3533,9024,100925.1171705784,4740.857142857143,4322.966666666666
2023-05-24,3744,3080,8509,126405.02515256873,4579.571428571428,4352.033333333334
2023-05-25,2938,2413,6689,88229.8896356744,4476.0,4309.866666666667
2023-05-26,2859,2441,6818,85675.11787423302,4326.428571428572,4270.366666666667
2023-05-27,4596,3688,10549,158631.1578872294,4143.857142857143,4239.6
2023-05-28,5639,4397,12623,148612.72324893504,4131.571428571428,4303.166666666667
2023-05-29,3372,2540,7413,99199.51423769606,3918.714285714286,4249.433333333333
2023-05-30,3728,3061,9097,98072.54426207347,3839.4285714285716,4191.4
2023-05-31,3783,2895,8745,82051.5141449521,3845.0,4175.866666666667
2023-06-01,5793,4782,13296,165935.4133625475,4252.857142857143,4235.5
2023-06-02,6224,5131,14913,224564.25305468278,4733.571428571428,4354.033333333334
2023-06-03,6018,4866,12202,124375.26956570432,4936.714285714285,4439.333333333333
2023-06-04,10162,7873,23703,279554.64671750227,5582.857142857143,4668.233333333334
2023-06-05,4440,3581,10063,180390.77472706823,5735.428571428572,4645.966666666666
2023-06-06,5040,3915,10140,135286.40669694322,5922.857142857143,4710.466666666666
2023-06-07,5557,4530,11574,167485.10316020946,6176.285714285715,4765.466666666666
2023-06-08,6562,5315,15342,176332.60261083045,6286.142857142857,4910.466666666666
2023-06-09,6480,5182,15058,194160.7987118353,6322.714285714285,4983.133333333333
2023-06-10,8674,6988,18832,213765.9890532109,6702.142857142857,5161.2
2023-06-11,7178,5578,16137,189712.74825848095,6275.857142857143,5215.966666666666
2023-06-12,5416,4128,12837,160739.35034596914,6415.285714285715,5168.866666666667
2023-06-13,4947,3765,12081,173075.61608878977,6402.0,5194.8
2023-06-14,4420,3330,8861,154341.6058507329,6239.571428571428,5171.433333333333
2023-06-15,5952,4650,14408,139519.60547769172,6152.428571428572,5223.6
2023-06-16,6874,5422,14425,220758.36283213441,6208.714285714285,5290.3
2023-06-17,5886,4542,10861,134267.5425184913,5810.428571428572,5364.4
2023-06-18,6240,5076,11832,196856.79731565452,5676.428571428572,5442.2
2023-06-19,7138,5562,16365,198608.53189515712,5922.428571428572,5484.333333333333
2023-06-20,4423,3700,9484,119775.58174917319,5847.571428571428,5440.933333333333
2023-06-21,6427,5176,14697,199176.63091907822,6134.285714285715,5493.1
2023-06-22,5293,4259,12108,121938.0478361925,6040.142857142857,5526.766666666666
2023-06-23,4766,3901,9510,166583.45513362324,5739.0,5560.833333333333
2023-06-24,6322,5297,14709,222060.0058054284,5801.285714285715,5673.633333333333
2023-06-25,7562,6296,18435,207875.66022551083,5990.142857142857,5830.4
2023-06-26,5777,4476,13369,176726.91688382882,5795.714285714285,5869.766666666666
2023-06-27,3621,2772,7297,141125.42448192096,5681.142857142857,5802.5
2023-06-28,7271,6078,17599,230394.0514821416,5801.714285714285,5932.466666666666
2023-06-29,7800,6197,17099,261145.24177465367,6159.857142857143,6068.2
2023-06-30,6977,5398,15805,144674.1545902169,6475.714285714285,6174.666666666667
2023-07-01,6244,4980,15554,206972.4152178989,6464.571428571428,6189.7
2023-07-02,6679,5344,15490,219864.53002165933,6338.428571428572,6204.866666666667
2023-07-03,4696,3882,10203,144432.53241913408,6184.0,6160.8
2023-07-04,5432,4214,12983,146859.90034137375,6442.714285714285,6003.133333333333
2023-07-05,6968,5754,13691,228433.1972225992,6399.428571428572,6087.4
2023-07-06,4000,3119,8441,79396.21688855985,5856.571428571428,6052.733333333334
2023-07-07,5107,4135,11235,124014.52343488781,5589.428571428572,6037.733333333334
2023-07-08,6038,5022,11832,193142.50656608833,5560.0,6020.266666666666
2023-07-09,5285,4192,10687,183684.0817407459,5360.857142857143,5980.433333333333
2023-07-10,5641,4458,12241,150198.6689914036,5495.857142857143,5879.333333333333
2023-07-11,4806,3595,10534,140640.10655691766,5406.428571428572,5800.266666666666
2023-07-12,7493,6010,18636,224483.48741673946,5481.428571428572,5869.5
2023-07-13,6354,5163,13289,182603.23864619646,5817.714285714285,5916.4
2023-07-14,6785,5671,15662,238518.4579701342,6057.428571428572,5995.233333333334
2023-07-15,10881,8496,21547,311655.9215318883,6749.285714285715,6159.533333333334
2023-07-16,5163,4278,12065,182582.0978159584,6731.857142857143,6102.5
2023-07-17,4132,3236,10256,111892.8630119094,6516.285714285715,6044.033333333334
2023-07-18,5887,4838,14256,215686.89429684464,6670.714285714285,6032.266666666666
2023-07-19,7854,6483,15750,213660.85147756658,6722.285714285715,6056.133333333333
2023-07-20,6732,5359,15690,223382.70541513758,6776.285714285715,6133.1
2023-07-21,5421,4450,11370,129171.46532732449,6581.428571428572,6099.566666666667
2023-07-22,7183,5802,15131,254831.2712739795,6053.142857142857,6162.566666666667
2023-07-23,4946,4153,12233,173627.65659457262,6022.142857142857,6168.566666666667
2023-07-24,7306,5987,14668,198685.59971835947,6475.571428571428,6201.366666666667
2023-07-25,5902,4869,13457,118029.62840130072,6477.714285714285,6146.033333333334
2023-07-26,4434,3737,9517,128628.75330135445,5989.142857142857,6101.266666666666
2023-07-27,6054,5017,13781,177124.62134056998,5892.285714285715,6182.366666666667
2023-07-28,6502,5004,14165,218647.1517322209,6046.714285714285,6156.733333333334
2023-07-29,7272,5753,18084,200898.50941723093,6059.428571428572,6139.133333333333
2023-07-30,7560,6054,15785,263944.59571924934,6432.857142857143,6158.566666666667
2023-07-31,4495,3787,9357,109781.07861708567,6031.285714285715,6100.266666666666
2023-08-01,4720,3729,10500,130454.85218346019,5862.428571428572,6034.966666666666
2023-08-02,7379,5824,18082,179809.41635354358,6283.142857142857,6124.4
2023-08-03,4382,3577,11232,136898.58551650163,6044.285714285715,6089.4
2023-08-04,5420,4467,13218,126561.81879285413,5889.714285714285,6037.8
2023-08-05,8878,7063,23485,260147.57630195917,6119.142857142857,6200.4
2023-08-06,5253,4295,11602,164801.02074036738,5789.571428571428,6205.266666666666
2023-08-07,8080,6430,18851,276650.38640165946,6301.714285714285,6273.333333333333
2023-08-08,6693,5380,13027,221603.03396881084,6583.571428571428,6320.266666666666
2023-08-09,5649,4619,11960,164578.12580381546,6336.428571428572,6320.533333333334
2023-08-10,6135,5162,14406,166027.24612420678,6586.857142857143,6364.833333333333
2023-08-11,8093,6476,19100,208847.73179278252,6968.714285714285,6384.833333333333
2023-08-12,6281,4911,13563,181077.9657846199,6597.714285714285,6382.4
2023-08-13,8139,6592,19816,257883.0077578685,7010.0,6427.533333333334
2023-08-14,4597,3820,8744,144918.03726439987,6512.428571428572,6218.066666666667
2023-08-15,4191,3204,9553,157940.0581256278,6155.0,6185.666666666667
2023-08-16,6112,4872,14102,169717.61890313745,6221.142857142857,6251.666666666667
2023-08-17,5099,3898,11698,124886.58116406924,6073.142857142857,6225.4
2023-08-18,5025,3962,11674,156799.28897573188,5634.857142857143,6131.1
2023-08-19,6255,4950,14022,226755.76878484612,5631.142857142857,6115.2
2023-08-20,10012,8287,20790,304905.63644490135,5898.714285714285,6268.233333333334
2023-08-21,6289,4685,13002,230353.1564970202,6140.428571428572,6238.433333333333
2023-08-22,7045,5973,15873,195583.37426678644,6548.142857142857,6308.4
2023-08-23,4284,3360,10890,178893.35356944543,6287.0,6207.666666666667
2023-08-24,5797,4834,12726,178290.8855485629,6386.714285714285,6204.166666666667
2023-08-25,6559,5295,14141,176024.3143884982,6605.857142857143,6275.0
2023-08-26,7133,5782,16968,226702.29345209379,6731.285714285715,6310.966666666666
2023-08-27,8924,7015,21092,274575.0216632065,6575.857142857143,6391.7
2023-08-28,7607,6049,17143,169818.20952269412,6764.142857142857,6402.866666666667
2023-08-29,5434,4168,13058,219644.45467956012,6534.0,6332.0
2023-08-30,4981,4040,11054,137739.44107135944,6633.571428571428,6348.2
2023-08-31,7263,5886,16621,168713.37344143732,6843.0,6432.966666666666
2023-09-01,4138,3153,9773,152148.92518008666,6497.142857142857,6324.933333333333
2023-09-02,3139,2607,6686,92447.45379754515,5926.571428571428,6283.5
2023-09-03,6089,5205,15543,172682.97956669668,5521.571428571428,6305.8
2023-09-04,4211,3437,9125,107856.61358047722,5036.428571428572,6150.233333333334
2023-09-05,4214,3435,9638,124213.8645574575,4862.142857142857,6115.6
2023-09-06,4648,3673,10691,173242.4066795974,4814.571428571428,6001.2
2023-09-07,3957,3240,8711,98320.32673721362,4342.285714285715,5910.0
2023-09-08,4015,3172,8815,122832.50938355728,4324.714285714285,5855.533333333334
2023-09-09,6531,5530,12370,167532.2050280259,4809.285714285715,5868.733333333334
2023-09-10,5229,4264,11107,147483.71680256672,4686.428571428572,5773.266666666666
2023-09-11,3739,2955,7867,105604.55577499894,4619.0,5688.533333333334
2023-09-12,4120,3180,8196,121881.83353459169,4605.571428571428,5554.566666666667
2023-09-13,3874,3131,8343,102331.99548879988,4495.0,5530.466666666666
2023-09-14,3477,2553,7325,108901.68648044276,4426.428571428572,5506.666666666667
2023-09-15,4546,3692,11345,143786.482771073,4502.285714285715,5454.466666666666
2023-09-16,5164,4190,12767,140163.28672454026,4307.0,5456.633333333333
2023-09-17,5647,4474,12834,204871.74545703613,4366.714285714285,5477.366666666667
2023-09-18,3864,2995,8614,111513.55579067547,4384.571428571428,5397.666666666667
2023-09-19,4688,4018,10548,133221.9045047715,4465.714285714285,5220.2
2023-09-20,3298,2685,8260,88571.2385383498,4383.428571428572,5120.5
2023-09-21,3089,2402,7637,98624.73314677278,4328.0,4988.633333333333
2023-09-22,4349,3272,10629,110435.50266271675,4299.857142857143,4990.8
2023-09-23,4731,3710,10252,153885.06326257688,4238.0,4955.266666666666
2023-09-24,5046,4105,10825,192117.12953276426,4152.142857142857,4904.833333333333
2023-09-25,3127,2530,6741,99124.58764198405,4046.8571428571427,4771.3
2023-09-26,4464,3571,9532,180344.52543819376,4014.8571428571427,4622.633333333333
2023-09-27,4266,3474,9002,133194.99614164047,4153.142857142857,4511.266666666666
2023-09-28,3369,2626,7809,120701.64451691268,4193.142857142857,4442.433333333333
2023-09-29,2924,2197,6891,78793.86959452226,3989.5714285714284,4373.866666666667
2023-09-30,3834,2897,8399,113926.39238388838,3861.4285714285716,4259.566666666667
2023-10-01,4256,3429,9291,162636.14785403677,3748.5714285714284,4263.5
2023-10-02,4321,3335,10174,129978.13716791519,3919.1428571428573,4302.9
2023-10-03,3999,3206,8918,123052.36594517052,3852.714285714286,4233.233333333334
2023-10-04,3962,3002,8563,155957.4772690925,3809.285714285714,4224.933333333333
2023-10-05,2874,2302,6631,87763.45796105363,3738.5714285714284,4180.266666666666
2023-10-06,4460,3470,10769,137866.13944197283,3958.0,4174.0
2023-10-07,3661,2940,8167,140265.19107154573,3933.285714285714,4164.133333333333
2023-10-08,3522,2750,7854,139515.48045003065,3828.4285714285716,4147.7
2023-10-09,3768,3167,8811,131071.48964564796,3749.4285714285716,4055.6
2023-10-10,4675,3786,10286,140337.62602539468,3846.0,4037.133333333333
2023-10-11,4591,3564,10329,161531.35188370437,3935.8571428571427,4065.5333333333333
2023-10-12,4559,3655,9943,143979.02398574824,4176.571428571428,4080.1666666666665
2023-10-13,2413,1955,5153,66590.08353427138,3884.1428571428573,4031.4666666666667
2023-10-14,6784,5379,14716,231672.58231627266,4330.285714285715,4141.7
2023-10-15,5421,4184,11132,151214.81562844565,4601.571428571428,4170.866666666667
2023-10-16,2864,2202,5660,77925.19866773246,4472.428571428572,4094.2
2023-10-17,4054,3312,8953,158098.16289506177,4383.714285714285,4041.1
2023-10-18,4087,3260,9989,119305.06703187666,4311.714285714285,4048.5333333333333
2023-10-19,3616,2961,8603,92696.71219566624,4177.0,4012.8
2023-10-20,4536,3633,10031,136882.35420789095,4480.285714285715,4054.0666666666666
2023-10-21,5361,4103,12549,132721.7532311082,4277.0,4129.8
2023-10-22,4633,3509,10439,160735.3252446438,4164.428571428572,4139.266666666666
2023-10-23,4924,3908,11530,138330.87965249212,4458.714285714285,4145.7
2023-10-24,3046,2296,6754,93956.67380595628,4314.714285714285,4079.0333333333333
2023-10-25,4789,3989,13131,143000.67039884222,4415.0,4134.433333333333
2023-10-26,2867,2187,6201,75926.687494081,4308.0,4081.2
2023-10-27,3144,2512,6572,93836.4230134491,4109.142857142857,4043.8
2023-10-28,5256,4364,12157,100281.58975006436,4094.1428571428573,4106.7
2023-10-29,5627,4375,11943,235300.6459556777,4236.142857142857,4196.8
2023-10-30,3858,3060,7909,107137.32019559931,4083.8571428571427,4197.6
2023-10-31,2665,2048,5876,88169.305844493,4029.4285714285716,4144.566666666667
2023-11-01,3604,2936,8246,120653.6977811706,3860.1428571428573,4120.666666666667
2023-11-02,4076,3206,8232,128064.7957066942,4032.8571428571427,4123.233333333334
2023-11-03,3399,2620,7768,56006.68339784671,4069.285714285714,4104.466666666666
2023-11-04,6688,4982,15482,169686.9772497387,4273.857142857143,4231.6
2023-11-05,3555,2884,7444,76530.04931065487,3977.8571428571427,4201.433333333333
2023-11-06,2785,2384,6118,85387.64593251213,3824.5714285714284,4172.233333333334
2023-11-07,5017,4019,11345,170089.55251690798,4160.571428571428,4222.066666666667
2023-11-08,4559,3506,10971,171128.64481138,4297.0,4248.433333333333
2023-11-09,3034,2426,6825,87543.79150837219,4148.142857142857,4193.733333333334
2023-11-10,3834,3114,8955,77543.32643652036,4210.285714285715,4168.5
2023-11-11,4613,3694,10067,116151.78234034806,3913.8571428571427,4170.3
2023-11-12,6061,4710,13885,187185.743672391,4271.857142857143,4291.9
2023-11-13,3438,2680,8664,102329.31128734813,4365.142857142857,4180.366666666667
2023-11-14,4474,3450,10302,100033.74026884588,4287.571428571428,4148.8
2023-11-15,2914,2396,6098,67860.09960843576,4052.5714285714284,4150.466666666666
2023-11-16,4178,3393,9427,143410.13388492764,4216.0,4154.6
2023-11-17,3564,2800,7529,112144.86086278337,4177.428571428572,4137.166666666667
2023-11-18,4292,3417,8511,111278.42331138338,4131.571428571428,4159.7
2023-11-19,4915,3871,11749,167606.71743899983,3967.8571428571427,4172.333333333333
2023-11-20,4718,3830,10971,139984.12340081623,4150.714285714285,4150.9
2023-11-21,3296,2618,7775,121294.72344448401,3982.4285714285716,4106.333333333333
2023-11-22,3361,2755,6829,78034.62994589756,4046.285714285714,4054.233333333333
2023-11-23,4305,3348,9648,117970.90069151677,4064.4285714285716,4096.2
2023-11-24,4286,3312,9811,121410.73959301249,4167.571428571428,4079.4333333333334
2023-11-25,4257,3284,8491,125468.85242290061,4162.571428571428,4125.766666666666
2023-11-26,6153,5034,12813,188395.289711254,4339.428571428572,4226.066666666667
2023-11-27,4328,3522,10489,158413.11121659292,4283.714285714285,4195.133333333333
2023-11-28,3908,3062,7769,119638.06598066993,4371.142857142857,4137.833333333333
2023-11-29,4363,3363,10601,108945.26264561045,4514.285714285715,4154.666666666667
2023-11-30,3981,3201,10165,107856.83084295553,4468.0,4198.533333333334
2023-12-01,3181,2486,7458,82516.37399126167,4310.142857142857,4184.433333333333
2023-12-02,5431,4194,13138,210231.18456676757,4477.857142857143,4229.6
2023-12-03,4796,4119,11034,167766.21968941146,4284.0,4276.166666666667
2023-12-04,3799,3184,9759,171244.47128561477,4208.428571428572,4179.866666666667
2023-12-05,4692,3896,11142,159119.34599632572,4320.428571428572,4217.766666666666
2023-12-06,4344,3375,10084,123648.03103443485,4317.714285714285,4269.733333333334
2023-12-07,3873,3240,8932,134510.61803480986,4302.285714285715,4231.6
2023-12-08,4340,3566,9355,128546.77100865665,4467.857142857143,4224.3
2023-12-09,4163,3395,8543,137883.45941631342,4286.714285714285,4261.933333333333
2023-12-10,4114,3317,10300,114489.98830206666,4189.285714285715,4271.266666666666
2023-12-11,4674,3513,11992,168628.3462493424,4314.285714285715,4273.3
2023-12-12,3345,2659,7912,109185.86614951737,4121.857142857143,4182.766666666666
2023-12-13,4992,4083,12057,135250.6904282347,4214.428571428572,4234.566666666667
2023-12-14,2789,2269,6425,80478.30545385326,4059.5714285714284,4178.4
2023-12-15,4901,3837,9919,139356.5149013147,4139.714285714285,4244.633333333333
2023-12-16,4529,3755,8821,117585.09391851776,4192.0,4256.333333333333
2023-12-17,3371,2720,7164,103423.51757911938,4085.8571428571427,4249.9
2023-12-18,3309,2650,6974,130186.85003762886,3890.8571428571427,4217.133333333333
2023-12-19,3286,2606,7102,98540.94477460643,3882.4285714285716,4162.833333333333
2023-12-20,3660,2805,8096,138122.73082320575,3692.1428571428573,4127.566666666667
2023-12-21,3999,3159,8455,92611.21924887714,3865.0,4151.0
2023-12-22,2321,1911,6096,71000.75544666873,3496.4285714285716,4116.333333333333
2023-12-23,5769,4392,12393,161791.09766356216,3673.5714285714284,4165.133333333333
2023-12-24,4557,3686,11571,124629.65763685647,3843.0,4174.166666666667
2023-12-25,4406,3487,8939,102979.13117223259,3999.714285714286,4179.133333333333
2023-12-26,3505,2876,8196,104592.94107489982,4031.0,4090.866666666667
2023-12-27,3440,2742,7813,121191.13600549265,3999.5714285714284,4061.266666666667
2023-12-28,4621,3970,10081,157162.46066614077,4088.4285714285716,4085.0333333333333
2023-12-29,4824,3838,10520,162805.28904432224,4446.0,4100.4
2023-12-30,5425,4095,14137,191244.14092902574,4396.857142857143,4148.533333333334
2023-12-31,3520,2880,7458,140206.78083618474,4248.714285714285,4159.833333333333
2024-01-01,3224,2658,6168,88500.64053314277,4079.8571428571427,4086.266666666667
2024-01-02,3322,2638,6579,109769.67864878553,4053.714285714286,4037.133333333333
2024-01-03,2879,2275,6549,89552.567312879,3973.5714285714284,4006.4666666666667
2024-01-04,3653,2870,8485,139120.09007483002,3835.285714285714,3971.8333333333335
2024-01-05,3560,2671,7133,109044.01158174904,3654.714285714286,3945.7
2024-01-06,5310,4468,10845,165383.04419716256,3638.285714285714,3993.6
2024-01-07,4153,3354,10414,163060.91958395086,3728.714285714286,3987.366666666667
2024-01-08,3654,2950,8665,77824.48152537987,3790.1428571428573,3970.4
2024-01-09,4976,3899,11497,186563.36627234216,4026.4285714285716,3999.133333333333
2024-01-10,4326,3474,10643,103647.7771169112,4233.142857142857,3987.5333333333333
2024-01-11,3747,2834,8090,105325.42452717715,4246.571428571428,4000.9333333333334
2024-01-12,3631,2809,7832,114345.90402364674,4256.714285714285,3955.5666666666666
2024-01-13,4995,4000,10039,114808.3030783912,4211.714285714285,4029.1
2024-01-14,6347,5122,12079,173745.46939749428,4525.142857142857,4077.3
2024-01-15,4101,3363,9034,153787.165537466,4589.0,4063.0333333333333
2024-01-16,3018,2243,6883,72288.37889060624,4309.285714285715,4051.266666666667
2024-01-17,4499,3473,10298,173960.6038283451,4334.0,4090.9333333333334
2024-01-18,3699,2792,8316,98741.83025918125,4327.142857142857,4104.7
2024-01-19,2823,2103,6821,83108.54883557024,4211.714285714285,4076.8
2024-01-20,6280,5185,16197,168913.715133387,4395.285714285715,4152.833333333333
2024-01-21,4199,3363,9863,129755.38154619421,4088.4285714285716,4215.433333333333
2024-01-22,3867,3051,9788,118688.02731749044,4055.0,4152.033333333334
2024-01-23,5281,4423,12627,186102.98205469537,4378.285714285715,4176.166666666667
2024-01-24,2986,2345,6905,75385.51406223493,4162.142857142857,4128.833333333333
2024-01-25,4186,3240,8571,115260.91882512596,4231.714285714285,4151.533333333334
2024-01-26,3334,2657,7292,133953.6423651675,4304.714285714285,4148.0
2024-01-27,5277,4273,11742,179583.84671371427,4161.428571428572,4169.866666666667
2024-01-28,4911,4116,11922,139215.46811614707,4263.142857142857,4172.766666666666
2024-01-29,4699,3691,10093,137324.14767927412,4382.0,4148.566666666667
2024-01-30,4462,3600,9240,106114.11026865413,4265.0,4179.966666666666
2024-01-31,4774,3771,9635,129348.67226260135,4520.428571428572,4231.633333333333
2024-02-01,3195,2509,6016,88015.42350015497,4378.857142857143,4227.4
2024-02-02,2775,2228,6233,108685.30538182678,4299.0,4223.933333333333
2024-02-03,4691,3778,10319,181260.33614286204,4215.285714285715,4258.533333333334
2024-02-04,5261,4354,12194,129877.77218316632,4265.285714285715,4315.233333333334
2024-02-05,3417,2769,8514,88593.91555963102,4082.1428571428573,4252.133333333333
2024-02-06,3170,2491,6809,80983.80348906286,3897.5714285714284,4219.366666666667
2024-02-07,3951,3223,9216,127167.66735061025,3780.0,4229.266666666666
2024-02-08,3416,2775,7286,73429.72561166366,3811.5714285714284,4177.266666666666
2024-02-09,3143,2525,7196,107926.30541207938,3864.1428571428573,4137.833333333333
2024-02-10,4948,3905,12450,149107.97829270316,3900.8571428571427,4177.866666666667
2024-02-11,4677,3746,10136,123560.66404169946,3817.4285714285716,4212.733333333334
2024-02-12,2685,2098,6225,92700.58636411966,3712.8571428571427,4135.733333333334
2024-02-13,4895,3871,10586,117769.73000596648,3959.285714285714,4087.3333333333335
2024-02-14,5017,3815,12714,158749.46666130028,4111.571428571428,4117.866666666667
2024-02-15,4579,3773,9650,140876.03161474675,4277.714285714285,4169.9
2024-02-16,4255,3513,10095,163708.0273926898,4436.571428571428,4161.766666666666
2024-02-17,4783,4035,12165,110832.93463472577,4413.0,4197.9
2024-02-18,3897,3035,7206,141580.47686078562,4301.571428571428,4233.7
2024-02-19,3458,2759,6861,111113.81772175433,4412.0,4139.633333333333
2024-02-20,3217,2516,7122,120619.5050035984,4172.285714285715,4106.9
2024-02-21,2317,1769,5523,57153.546789489796,3786.5714285714284,4055.233333333333
2024-02-22,3577,2841,7633,122535.18501740225,3643.4285714285716,3998.4333333333334
2024-02-23,5389,4397,12127,160764.66561759054,3805.4285714285716,4078.5333333333333
2024-02-24,4664,3658,11211,141422.66499285493,3788.4285714285716,4094.4666666666667
2024-02-25,4097,3134,10805,137671.5991763517,3817.0,4119.9
2024-02-26,3325,2750,7346,81839.79106327074,3798.0,4054.8333333333335
2024-02-27,4448,3393,8517,143149.65809554642,3973.8571428571427,4039.4
2024-02-28,2790,2293,6264,88915.11999880614,4041.4285714285716,3975.766666666667
2024-02-29,3590,3031,8349,98783.8630095004,4043.285714285714,3946.7
2024-03-01,3395,2711,8247,86548.34057938273,3758.4285714285716,3900.733333333333
2024-03-02,3711,3065,8461,125623.49556004265,3622.285714285714,3917.9333333333334
2024-03-03,5278,4262,11924,148595.43645639814,3791.0,4001.366666666667
2024-03-04,3185,2620,7649,91006.95992917914,3771.0,3951.1666666666665
2024-03-05,4027,3349,8042,122639.91663636261,3710.8571428571427,3910.0333333333333
2024-03-06,3809,2813,9697,117136.1414735772,3856.4285714285716,3923.1
2024-03-07,4740,3711,10525,139955.74376701907,4020.714285714286,3975.4333333333334
2024-03-08,4196,3355,9381,142023.7283654798,4135.142857142857,3983.6
2024-03-09,5389,4419,12366,140795.50915623351,4374.857142857143,4049.366666666667
2024-03-10,5225,4138,11862,154422.60368246885,4367.285714285715,4118.766666666666
2024-03-11,4436,3462,9910,117613.16021995465,4546.0,4101.7
2024-03-12,3763,2934,9804,128781.35306354411,4508.285714285715,4071.233333333333
2024-03-13,2729,2135,5744,73693.28874222914,4354.0,4072.7
2024-03-14,3345,2734,6506,72695.82300686649,4154.714285714285,4021.0333333333333
2024-03-15,3169,2440,8000,99147.76167122986,4008.0,3959.4333333333334
2024-03-16,6075,4620,12957,144481.4408985848,4106.0,4009.3
2024-03-17,4673,3823,11297,156225.50018065228,4027.1428571428573,4023.233333333333
2024-03-18,3715,2976,6857,103460.21876085553,3924.1428571428573,3987.633333333333
2024-03-19,3719,2972,7675,111552.05856535876,3917.8571428571427,3981.7
2024-03-20,5432,4234,12397,172386.24277722492,4304.0,4047.5
2024-03-21,4753,3891,10913,138761.50884562,4505.142857142857,4098.7
2024-03-22,1823,1519,4499,51259.56559022085,4312.857142857143,4082.233333333333
2024-03-23,4121,3312,9808,73707.48987954755,4033.714285714286,4100.366666666667
2024-03-24,4884,3797,11445,147195.9901574181,4063.8571428571427,4083.5333333333333
2024-03-25,4601,3697,9425,114732.71572498305,4190.428571428572,4081.4333333333334
2024-03-26,4312,3364,9719,141560.66301186243,4275.142857142857,4088.6
2024-03-27,4479,3687,9173,121112.30071984106,4139.0,4127.066666666667
2024-03-28,4603,3693,9480,137398.17564330657,4117.571428571428,4132.233333333334
2024-03-29,3181,2461,7549,110565.836282484,4311.571428571428,4145.266666666666
2024-03-30,4650,3490,12133,138643.9060402625,4387.142857142857,4180.6
2024-03-31,5419,4447,11322,174236.95260246354,4463.571428571428,4248.066666666667
2024-04-01,3797,3016,7819,119313.56047353064,4348.714285714285,4250.933333333333
2024-04-02,4100,3190,9782,115695.69829879067,4318.428571428572,4211.666666666667
2024-04-03,3224,2608,7568,86675.3410620846,4139.142857142857,4212.966666666666
2024-04-04,3918,2994,9101,116689.56991563726,4041.285714285714,4209.333333333333
2024-04-05,4253,3564,9477,126170.7080589518,4194.428571428572,4224.133333333333
2024-04-06,5866,4487,11483,216058.36048546562,4368.142857142857,4261.666666666667
2024-04-07,7176,5632,15027,287690.0086453392,4619.142857142857,4361.0
2024-04-08,3051,2325,6967,71057.34668841875,4512.571428571428,4283.066666666667
2024-04-09,3446,2693,7928,100942.35692637498,4419.142857142857,4223.766666666666
2024-04-10,4472,3482,9944,146864.7993702971,4597.428571428572,4224.966666666666
2024-04-11,3172,2594,6983,108248.24538263616,4490.857142857143,4205.266666666666
2024-04-12,4041,3330,9499,107877.69914973494,4460.571428571428,4249.0
2024-04-13,3610,2983,7050,110888.04021175823,4138.285714285715,4257.833333333333
2024-04-14,5006,4283,10810,139610.27392994874,3828.285714285714,4319.066666666667
2024-04-15,4397,3388,9311,136419.62511645074,4020.5714285714284,4263.133333333333
2024-04-16,4727,3790,11908,185800.16487785705,4203.571428571428,4264.933333333333
2024-04-17,4188,3259,9513,124410.34231834869,4163.0,4280.7
2024-04-18,2789,2161,5749,100867.7612390257,4108.285714285715,4249.7
2024-04-19,3749,2885,9796,119417.98474600363,4066.5714285714284,4193.6
2024-04-20,5863,4806,12568,125838.47109446704,4388.428571428572,4230.6
2024-04-21,4071,3315,9042,121161.00791222716,4254.857142857143,4305.533333333334
2024-04-22,4069,3442,9666,139356.72684881772,4208.0,4303.8
2024-04-23,4101,3215,9834,107977.18745661901,4118.571428571428,4277.7
2024-04-24,4556,3758,10773,136965.79724801856,4171.142857142857,4276.2
2024-04-25,3659,2803,7933,102958.15995770195,4295.428571428572,4254.433333333333
2024-04-26,4503,3689,9632,103683.4100963717,4403.142857142857,4255.233333333334
2024-04-27,4791,3953,11320,146541.46947326703,4250.0,4261.5
2024-04-28,5406,4189,12083,165909.13606321794,4440.714285714285,4335.666666666667
2024-04-29,4722,3637,10918,173008.0351365736,4534.0,4338.066666666667
2024-04-30,4602,3534,12180,143699.88612641997,4605.571428571428,4310.833333333333
2024-05-01,3675,2803,8577,115989.47205969245,4479.714285714285,4306.766666666666
2024-05-02,2383,1961,5703,77422.68780857121,4297.428571428572,4249.533333333334
2024-05-03,4031,3175,8848,125290.4137399228,4230.0,4276.433333333333
2024-05-04,4874,3776,9820,170772.35207178353,4241.857142857143,4308.3
2024-05-05,3385,2658,8382,108138.62145894422,3953.1428571428573,4279.366666666667
2024-05-06,3826,3200,9729,101711.05772547092,3825.1428571428573,4211.366666666667
2024-05-07,4029,3320,9820,108855.30389223577,3743.285714285714,4106.466666666666
2024-05-08,3753,2993,7956,141319.31587976712,3754.4285714285716,4129.866666666667
2024-05-09,3842,3203,9051,114217.17205817219,3962.8571428571427,4143.066666666667
2024-05-10,3127,2557,6838,84521.8242063408,3833.714285714286,4098.233333333334
2024-05-11,5768,4373,14349,185280.60228935917,3961.4285714285716,4184.766666666666
2024-05-12,5670,4697,13065,173713.52134024276,4287.857142857143,4239.066666666667
2024-05-13,3608,2882,8407,120569.64885627209,4256.714285714285,4239.0
2024-05-14,3160,2549,6457,84575.30913767307,4132.571428571428,4177.466666666666
2024-05-15,3488,2742,8398,121566.03172971972,4094.714285714286,4147.166666666667
2024-05-16,4087,3303,8012,134877.37598266036,4129.714285714285,4125.833333333333
2024-05-17,5167,4116,11821,152613.90781711697,4421.142857142857,4158.466666666666
2024-05-18,6369,5137,14754,205051.62674868875,4507.0,4277.8
2024-05-19,5817,4825,13504,142417.3816002025,4528.0,4346.733333333334
2024-05-20,3306,2721,7089,85262.1146274918,4484.857142857143,4261.5
2024-05-21,3076,2363,7911,93676.49989712975,4472.857142857143,4228.333333333333
2024-05-22,3712,2962,7847,106322.55358681674,4504.857142857143,4216.433333333333
2024-05-23,3909,3319,9068,121306.97425966935,4479.428571428572,4210.033333333334
2024-05-24,3849,3335,8560,96168.71633146328,4291.142857142857,4186.466666666666
2024-05-25,3873,3058,7371,85854.40854598883,3934.5714285714284,4193.6
2024-05-26,4023,3291,8345,152998.44219306225,3678.285714285714,4177.6
2024-05-27,4701,3893,10085,163505.73360478267,3877.5714285714284,4174.6
2024-05-28,3872,3006,9380,104069.93700146253,3991.285714285714,4123.466666666666
2024-05-29,5651,4698,12452,171096.03520399076,4268.285714285715,4154.433333333333
2024-05-30,3691,3073,8512,123957.30790600028,4237.142857142857,4124.066666666667
2024-05-31,3470,2703,7091,91176.63724937916,4183.0,4117.233333333334
2024-06-01,8027,5910,18715,240034.49064883695,4776.428571428572,4305.366666666667
2024-06-02,7178,5664,16144,286663.1925535002,5227.142857142857,4410.266666666666
2024-06-03,6265,5116,13323,169480.16367684925,5450.571428571428,4456.633333333333
2024-06-04,6576,5384,14898,169857.55375276186,5836.857142857143,4563.0
2024-06-05,7067,5604,15975,169196.24344015954,6039.142857142857,4671.033333333334
2024-06-06,4248,3358,9048,149610.27745888729,6118.714285714285,4678.333333333333
2024-06-07,6521,4978,16671,185579.7037797373,6554.571428571428,4770.6
2024-06-08,6898,5581,17204,237418.95516076207,6393.285714285715,4872.466666666666
2024-06-09,4197,3157,10913,137434.80821493274,5967.428571428572,4908.133333333333
2024-06-10,5068,4068,12470,145244.8432907402,5796.428571428572,4884.8
2024-06-11,5005,3884,10176,162772.81746722502,5572.0,4862.633333333333
2024-06-12,4447,3536,10875,130559.6957008448,5197.714285714285,4890.6
2024-06-13,5420,4231,13299,210770.55850536027,5365.142857142857,4965.933333333333
2024-06-14,7033,5639,15735,241494.84175402304,5438.285714285715,5084.1
2024-06-15,9272,7227,23719,225797.01012590562,5777.428571428572,5256.933333333333
2024-06-16,8341,6621,18040,249953.61284710068,6369.428571428572,5362.733333333334
2024-06-17,5563,4591,13754,170741.05749356124,6440.142857142857,5335.866666666667
2024-06-18,4011,3327,8994,116987.36212894807,6298.142857142857,5275.666666666667
2024-06-19,4536,3673,10470,122423.10136524912,6310.857142857143,5316.666666666667
2024-06-20,5782,4629,14396,169626.7916090488,6362.571428571428,5406.866666666667
2024-06-21,4571,3731,9725,158711.49284328223,6010.857142857143,5435.5
2024-06-22,7583,6279,16694,234438.9377457781,5769.571428571428,5557.966666666666
2024-06-23,7382,5940,17862,260182.82696651414,5632.571428571428,5675.733333333334
2024-06-24,5707,4636,11640,137239.16086557793,5653.142857142857,5736.866666666667
2024-06-25,4239,3368,9844,130034.17685413535,5685.714285714285,5744.066666666667
2024-06-26,4772,3750,11516,132718.99607647385,5719.428571428572,5746.433333333333
2024-06-27,5015,4059,10214,134535.85215057235,5609.857142857143,5784.533333333334
2024-06-28,6377,4938,15727,158832.30546211402,5867.857142857143,5808.733333333334
2024-06-29,8297,6597,17536,216816.4089047992,5969.857142857143,5962.266666666666
2024-06-30,8333,6748,19523,266711.02883594466,6105.714285714285,6124.366666666667
2024-07-01,5508,4310,12668,161276.76385570114,6077.285714285715,6040.4
2024-07-02,3548,2881,8663,110758.48640160476,5978.571428571428,5919.4
2024-07-03,5458,4440,11762,128510.77752629748,6076.571428571428,5892.5
2024-07-04,5276,4144,11412,137136.15646187137,6113.857142857143,5849.166666666667
2024-07-05,4747,3769,11083,153093.27064580296,5881.0,5771.833333333333
2024-07-06,7662,6134,17535,296733.5519872257,5790.285714285715,5885.633333333333
2024-07-07,6281,5011,13354,179787.41488501968,5497.142857142857,5877.633333333333
2024-07-08,6384,4915,14607,242731.9629245938,5622.285714285715,5860.5
2024-07-09,5509,4413,12215,141389.3280634921,5902.428571428572,5904.233333333334
2024-07-10,5212,4032,11229,160660.50094675398,5867.285714285715,5909.033333333334
2024-07-11,6228,5275,13712,217637.4524533006,6003.285714285715,5949.8
2024-07-12,7020,5446,14451,227300.29233683713,6328.0,6035.566666666667
2024-07-13,8102,6750,18044,256792.79360958052,6390.857142857143,6124.966666666666
2024-07-14,6019,4610,13022,122212.96458434577,6353.428571428572,6091.166666666667
2024-07-15,5938,4561,13805,183011.24263679507,6289.714285714285,5980.033333333334
2024-07-16,5347,4123,13747,113557.34598142796,6266.571428571428,5880.233333333334
2024-07-17,6619,5039,15494,165065.36389794195,6467.571428571428,5915.433333333333
2024-07-18,6115,4970,14590,220541.22342214483,6451.428571428572,5985.566666666667
2024-07-19,5514,4347,12939,148133.53806201695,6236.285714285715,6018.166666666667
2024-07-20,5755,4442,12760,205681.45264931628,5901.0,6017.266666666666
2024-07-21,7224,5864,15358,245486.04608710116,6073.142857142857,6105.7
2024-07-22,5836,4548,14729,168322.5959955843,6058.571428571428,6047.466666666666
2024-07-23,4890,3897,10719,113821.52467395032,5993.285714285715,5964.4
2024-07-24,3874,2887,8369,96705.35225726951,5601.142857142857,5903.3
2024-07-25,5922,4802,12350,157544.81861604034,5573.571428571428,5959.4
2024-07-26,6115,5078,13825,208456.94594664176,5659.428571428572,6004.166666666667
2024-07-27,8844,7068,22059,233738.2516317806,6100.714285714285,6131.8
2024-07-28,7023,5848,15520,297271.7847202886,6072.0,6153.333333333333
2024-07-29,7591,6018,15147,223132.84555638107,6322.714285714285,6129.8
2024-07-30,6021,4917,12133,123919.69975068448,6484.285714285715,6052.733333333334
2024-07-31,7120,5514,14575,307703.16153488454,6948.0,6106.466666666666
2024-08-01,6563,5433,14391,141971.66221934595,7039.571428571428,6206.966666666666
2024-08-02,7633,5913,17962,257055.10919639084,7256.428571428572,6279.466666666666
2024-08-03,8754,7065,17550,225565.6539187623,7243.571428571428,6395.4
2024-08-04,7418,5778,16802,175039.62517831282,7300.0,6484.433333333333
2024-08-05,6254,5000,13159,214756.4917806358,7109.0,6437.5
2024-08-06,5351,4314,12763,205889.6327060967,7013.285714285715,6406.5
2024-08-07,6872,5423,15567,160016.7748002894,6977.857142857143,6422.766666666666
2024-08-08,5432,4235,12523,145979.77432821615,6816.285714285715,6420.2
2024-08-09,4814,3780,10943,158381.63642100792,6413.571428571428,6406.933333333333
2024-08-10,7632,6230,16069,222369.9269297913,6253.285714285715,6453.733333333334
2024-08-11,6545,5345,15790,198115.3496999562,6128.571428571428,6437.9
2024-08-12,4239,3364,10309,148937.05852272603,5840.714285714285,6309.133333333333
2024-08-13,4865,3714,11938,135157.37688467855,5771.285714285715,6270.666666666667
2024-08-14,4423,3537,9811,98463.2543090717,5421.428571428572,6220.166666666667
2024-08-15,5205,4224,12051,120274.34666243331,5389.0,6215.433333333333
2024-08-16,6263,4807,14781,172967.29210354423,5596.0,6203.566666666667
2024-08-17,5906,4751,14129,159475.2575204159,5349.428571428572,6196.6
2024-08-18,7866,6465,17511,257347.0363181417,5538.142857142857,6275.0
2024-08-19,7038,5664,14976,182857.99140080326,5938.0,6317.766666666666
2024-08-20,6749,5381,14309,184841.6460748649,6207.142857142857,6301.933333333333
2024-08-21,5791,4525,13680,178486.54957967432,6402.571428571428,6300.433333333333
2024-08-22,4767,3945,9830,160183.14472558227,6340.0,6296.333333333333
2024-08-23,6501,5025,14874,176095.8624279869,6374.0,6383.9
2024-08-24,7102,5538,14925,240999.28407952655,6544.857142857143,6423.233333333334
2024-08-25,8354,6381,19068,199924.52016856163,6614.571428571428,6497.866666666667
2024-08-26,4312,3351,8486,114011.63675559599,6225.142857142857,6346.8
2024-08-27,4740,3745,9802,151599.11993393154,5938.142857142857,6270.7
2024-08-28,6215,4901,14042,143825.7176994688,5998.714285714285,6224.833333333333
2024-08-29,4734,3841,10151,94187.46121028284,5994.0,6181.933333333333
2024-08-30,5622,4566,11896,197409.6110002137,5868.428571428572,6132.0
2024-08-31,9484,7851,22221,257721.07559627492,6208.714285714285,6229.366666666667
2024-09-01,5736,4560,14306,143528.64966693937,5834.714285714285,6166.133333333333
2024-09-02,3422,2725,7433,147243.97516568116,5707.571428571428,5988.4
2024-09-03,4175,3425,8942,113583.41701792843,5626.857142857143,5880.3
2024-09-04,2767,2253,6235,61586.709819296215,5134.285714285715,5764.066666666667
2024-09-05,5692,4628,11566,173681.31867161012,5271.142857142857,5775.433333333333
2024-09-06,3644,2971,8741,125995.28830056562,4988.571428571428,5667.833333333333
2024-09-07,5682,4686,12113,229648.79127546557,4445.428571428572,5676.166666666667
2024-09-08,3712,2959,7688,93696.88226317325,4156.285714285715,5639.433333333333
2024-09-09,3177,2709,7980,112704.4973500926,4121.285714285715,5490.933333333333
2024-09-10,4327,3303,9205,124339.87793047974,4143.0,5417.0
2024-09-11,4428,3595,11179,121275.63022453523,4380.285714285715,5423.3
2024-09-12,5509,4290,13740,182923.40617496212,4354.142857142857,5444.766666666666
2024-09-13,3613,2964,7790,119335.50723275138,4349.714285714285,5417.766666666666
2024-09-14,3036,2570,5652,89568.41843017681,3971.714285714286,5345.466666666666
2024-09-15,3730,2983,8650,85914.85684255803,3974.285714285714,5261.033333333334
2024-09-16,3700,2912,8284,93872.77638924093,4049.0,5187.5
2024-09-17,3151,2586,5715,103416.48868721671,3881.0,5030.333333333333
2024-09-18,2534,2111,6424,56297.53206150056,3610.4285714285716,4880.2
2024-09-19,3812,3013,8100,124234.92831133096,3368.0,4782.3
2024-09-20,4016,3434,9732,124643.66888701443,3425.5714285714284,4723.133333333333
2024-09-21,2959,2346,7153,113174.48084430333,3414.5714285714284,4662.866666666667
2024-09-22,5699,4632,12518,182451.85102716982,3695.8571428571427,4636.133333333333
2024-09-23,4220,3369,8653,159843.5962888473,3770.1428571428573,4540.066666666667
2024-09-24,3647,2884,6938,129169.10473205343,3841.0,4383.166666666667
2024-09-25,3619,2727,8862,155283.99039922765,3996.0,4360.066666666667
2024-09-26,4760,3722,11805,137563.8507365974,4131.428571428572,4360.733333333334
2024-09-27,4575,3890,11646,113103.43836500487,4211.285714285715,4306.066666666667
2024-09-28,6786,5192,13405,192416.92643709792,4758.0,4374.466666666666
2024-09-29,6528,5142,11845,195816.33580762288,4876.428571428572,4404.666666666667
2024-09-30,2529,2015,5838,76219.70243666804,4634.857142857143,4172.833333333333
2024-10-01,4356,3560,9985,132312.65494072347,4736.142857142857,4126.833333333333
2024-10-02,4203,3263,9031,78927.19926747457,4819.571428571428,4152.866666666667
2024-10-03,2698,2067,6252,79348.34490369665,4525.0,4103.633333333333
2024-10-04,3793,3002,8308,134914.11480541254,4413.285714285715,4137.833333333333
2024-10-05,6713,5281,14536,228904.20012403885,4402.857142857143,4171.866666666667
2024-10-06,5128,4391,12070,168385.5821788203,4202.857142857143,4221.333333333333
2024-10-07,2669,2217,5868,75929.18963070837,4222.857142857143,4120.9
2024-10-08,2964,2267,6746,94069.10076555115,4024.0,4095.9666666666667
2024-10-09,4467,3469,8368,92034.89466379222,4061.714285714286,4138.966666666666
2024-10-10,3781,2877,8220,113736.65464213373,4216.428571428572,4120.766666666666
2024-10-11,4386,3738,9515,161003.44614549627,4301.142857142857,4119.366666666667
2024-10-12,3856,3131,8321,110633.68822395868,3893.0,4064.266666666667
2024-10-13,5911,4890,13650,132892.40636664658,4004.8571428571427,4140.866666666667
2024-10-14,2726,2145,6430,50929.502150378474,4013.0,4130.533333333334
2024-10-15,4062,3339,9671,79890.85880508518,4169.857142857143,4141.6
2024-10-16,3486,2875,7772,116366.03558727479,4029.714285714286,4134.466666666666
2024-10-17,3033,2331,6430,97640.50457612287,3922.8571428571427,4130.533333333334
2024-10-18,3577,2840,7841,115964.14809393042,3807.285714285714,4165.3
2024-10-19,5458,4440,11619,123050.43748122023,4036.1428571428573,4220.166666666667
2024-10-20,5473,4377,12822,179796.17698638633,3973.5714285714284,4268.733333333334
2024-10-21,3893,3236,9818,82920.84794819297,4140.285714285715,4299.866666666667
2024-10-22,4341,3468,8858,139679.7961766488,4180.142857142857,4254.6
2024-10-23,3580,2957,9017,97252.8316019852,4193.571428571428,4233.266666666666
2024-10-24,1494,1138,3295,32995.39966018786,3973.714285714286,4161.5
2024-10-25,5260,4444,11410,114346.94510771488,4214.142857142857,4216.2
2024-10-26,4552,3766,9919,183197.34956446348,4084.714285714286,4209.266666666666
2024-10-27,4824,3867,11427,143079.37399505684,3992.0,4217.566666666667
2024-10-28,3762,2967,8079,143171.28494476294,3973.285714285714,4116.766666666666
2024-10-29,2381,1880,4583,58849.87725277011,3693.285714285714,3978.5333333333333
2024-10-30,4230,3403,9966,146302.23495446483,3786.1428571428573,4035.233333333333
2024-10-31,4293,3469,10567,125672.1467068718,4186.0,4033.133333333333
2024-11-01,3815,3039,7268,152677.09212625696,3979.5714285714284,4020.2
2024-11-02,4878,4122,11085,135045.2882025075,4026.1428571428573,4092.866666666667
2024-11-03,5070,3916,10703,197362.09332300955,4061.285714285714,4135.433333333333
2024-11-04,4190,3581,9888,103068.3721225424,4122.428571428572,4051.3333333333335
2024-11-05,3589,2830,8872,127224.96724448133,4295.0,4000.0333333333333
2024-11-06,3926,3124,8638,118264.92669163496,4251.571428571428,4041.9333333333334
2024-11-07,4902,4080,10646,157001.35328320623,4338.571428571428,4106.533333333334
2024-11-08,3088,2414,7051,95084.43041931895,4234.714285714285,4060.5666666666666
2024-11-09,5913,4752,14940,140768.01042169513,4382.571428571428,4131.633333333333
2024-11-10,6576,5289,14438,195049.15083213904,4597.714285714285,4204.633333333333
2024-11-11,4577,3594,11822,128676.7912234807,4653.0,4228.666666666667
2024-11-12,3471,2671,6766,91958.01326365449,4636.142857142857,4147.333333333333
2024-11-13,3826,3197,8666,114637.63435087832,4621.857142857143,4184.0
2024-11-14,3331,2718,7604,95510.3787825433,4397.428571428572,4159.633333333333
2024-11-15,2666,2184,6788,72570.5384361028,4337.142857142857,4132.3
2024-11-16,4201,3547,10209,98510.64566218272,4092.5714285714284,4171.233333333334
2024-11-17,3911,3190,8506,84252.77514268176,3711.8571428571427,4182.366666666667
2024-11-18,4816,3866,11244,144899.8570782144,3746.0,4160.966666666666
2024-11-19,3668,2919,8272,116748.98211863963,3774.1428571428573,4100.8
2024-11-20,4414,3596,9862,145309.78972605482,3858.1428571428573,4118.166666666667
2024-11-21,4246,3442,8610,102752.77919510267,3988.8571428571427,4115.0
2024-11-22,3584,2763,7762,74504.94390572669,4120.0,4115.133333333333
2024-11-23,5069,4222,11290,192655.84011130445,4244.0,4234.3
2024-11-24,5458,4180,12032,205900.44749899517,4465.0,4240.9
2024-11-25,4095,3200,9711,102305.62398154078,4362.0,4225.666666666667
2024-11-26,3281,2719,7838,122989.03188890441,4306.714285714285,4174.233333333334
2024-11-27,4888,3971,10028,156012.7469830626,4374.428571428572,4211.766666666666
2024-11-28,2398,2014,5092,72418.15178166275,4110.428571428572,4212.333333333333
2024-11-29,4154,3102,9619,155721.3064887185,4191.857142857143,4209.8
2024-11-30,5469,4486,12709,172430.67835374677,4249.0,4249.0
2024-12-01,5208,4087,12049,150485.02501733514,4213.285714285715,4295.433333333333
2024-12-02,5827,4667,13606,161511.6201971922,4460.714285714285,4327.066666666667
2024-12-03,3152,2331,7712,91074.0854418016,4442.285714285715,4263.133333333333
2024-12-04,4903,3933,10787,157524.41289780856,4444.428571428572,4286.9
2024-12-05,3535,2926,8505,102199.07221867438,4606.857142857143,4285.1
2024-12-06,3784,3240,8302,84545.92501367896,4554.0,4280.366666666667
2024-12-07,5362,4190,13059,150289.86619723638,4538.714285714285,4295.7
2024-12-08,4955,3965,11409,142426.21436239654,4502.571428571428,4357.933333333333
2024-12-09,4465,3496,11947,107743.19669440533,4308.0,4309.666666666667
2024-12-10,4178,3376,9181,105810.69462432154,4454.571428571428,4229.733333333334
2024-12-11,5083,4056,11686,168582.3957991374,4480.285714285715,4246.6
2024-12-12,2301,1716,5414,77830.30784958345,4304.0,4207.6
2024-12-13,3646,3035,8383,118378.31289015546,4284.285714285715,4201.6
2024-12-14,5547,4511,12646,172856.0396587238,4310.714285714285,4275.466666666666
2024-12-15,5752,4480,13216,155204.43871087127,4424.571428571428,4378.333333333333
2024-12-16,4282,3501,10653,142592.89579411823,4398.428571428572,4381.033333333334
2024-12-17,3496,2858,6894,89905.80095165822,4301.0,4367.2
2024-12-18,3999,3049,9585,151951.65534841616,4146.142857142857,4339.966666666666
2024-12-19,4684,3803,11577,130105.71875836707,4486.571428571428,4373.833333333333
2024-12-20,3625,2815,8512,132512.61898257543,4483.571428571428,4347.533333333334
2024-12-21,4761,3670,10211,136051.34709532023,4371.285714285715,4364.7
2024-12-22,4670,3580,10355,126866.61871593143,4216.714285714285,4400.9
2024-12-23,4230,3383,9041,133898.41875317978,4209.285714285715,4372.933333333333
2024-12-24,3384,2691,8097,82814.78133165286,4193.285714285715,4303.8
2024-12-25,4572,3772,11654,112449.34202167577,4275.142857142857,4319.7
2024-12-26,2495,1966,5943,73789.90093820557,3962.4285714285716,4293.5
2024-12-27,3626,2943,9293,124375.22059818084,3962.5714285714284,4251.433333333333
2024-12-28,7005,5369,13470,237534.54908238302,4283.142857142857,4405.0
2024-12-29,4815,3783,11309,140653.57703040505,4303.857142857143,4427.033333333334
2024-12-30,2719,2146,6487,89493.88207685736,4088.0,4335.366666666667
2024-12-31,3458,2773,7745,62692.80934940507,4098.571428571428,4277.033333333334
